State,County Name,Median Home Price Q1 2025,"Monthly Payment Q1
2025","Monthly Payment Q1
2024"
Alabama,Autauga County,"$224,160 ","$1,320 ","$1,190 "
,Baldwin County,"$343,870 ","$2,020 ","$1,870 "
,Barbour County,"$123,100 ",$720 ,$670 
,Bibb County,"$143,650 ",$850 ,$820 
,Blount County,"$183,840 ","$1,080 ","$1,050 "
,Bullock County,"$88,940 ",$520 ,$480 
,Butler County,"$111,670 ",$660 ,$610 
,Calhoun County,"$168,460 ",$990 ,$950 
,Chambers County,"$145,280 ",$850 ,$790 
,Cherokee County,"$185,820 ","$1,090 ","$1,010 "
,Chilton County,"$154,150 ",$910 ,$880 
,Choctaw County,"$125,230 ",$740 ,$680 
,Clarke County,"$141,580 ",$830 ,$770 
,Clay County,"$162,080 ",$950 ,$880 
,Cleburne County,"$161,520 ",$950 ,$880 
,Coffee County,"$201,950 ","$1,190 ","$1,100 "
,Colbert County,"$175,550 ","$1,030 ",$980 
,Conecuh County,"$113,470 ",$670 ,$620 
,Coosa County,"$125,230 ",$740 ,$680 
,Covington County,"$159,610 ",$940 ,$870 
,Crenshaw County,"$121,420 ",$710 ,$660 
,Cullman County,"$228,500 ","$1,340 ","$1,240 "
,Dale County,"$144,600 ",$850 ,$790 
,Dallas County,"$109,100 ",$640 ,$590 
,DeKalb County,"$175,630 ","$1,030 ",$960 
,Elmore County,"$260,410 ","$1,530 ","$1,380 "
,Escambia County,"$137,430 ",$810 ,$750 
,Etowah County,"$213,530 ","$1,260 ","$1,180 "
,Fayette County,"$135,750 ",$800 ,$740 
,Franklin County,"$143,370 ",$840 ,$780 
,Geneva County,"$129,020 ",$760 ,$780 
,Greene County,"$96,780 ",$570 ,$530 
,Hale County,"$141,480 ",$830 ,$780 
,Henry County,"$158,640 ",$930 ,$970 
,Houston County,"$200,820 ","$1,180 ","$1,220 "
,Jackson County,"$163,310 ",$960 ,$890 
,Jefferson County,"$269,740 ","$1,590 ","$1,540 "
,Lamar County,"$126,230 ",$740 ,$690 
,Lauderdale County,"$229,980 ","$1,350 ","$1,280 "
,Lawrence County,"$163,030 ",$960 ,$950 
,Lee County,"$332,500 ","$1,960 ","$1,760 "
,Limestone County,"$314,830 ","$1,850 ","$1,810 "
,Lowndes County,"$91,300 ",$540 ,$480 
,Macon County,"$107,190 ",$630 ,$580 
,Madison County,"$340,340 ","$2,000 ","$1,960 "
,Marengo County,"$115,820 ",$680 ,$630 
,Marion County,"$116,830 ",$690 ,$640 
,Marshall County,"$222,900 ","$1,310 ","$1,210 "
,Mobile County,"$206,610 ","$1,220 ","$1,150 "
,Monroe County,"$128,700 ",$760 ,$700 
,Montgomery County,"$193,360 ","$1,140 ","$1,020 "
,Morgan County,"$240,170 ","$1,410 ","$1,400 "
,Perry County,"$98,230 ",$580 ,$530 
,Pickens County,"$138,110 ",$810 ,$750 
,Pike County,"$166,890 ",$980 ,$910 
,Randolph County,"$206,100 ","$1,210 ","$1,120 "
,Russell County,"$167,870 ",$990 ,$990 
,St. Clair County,"$242,010 ","$1,420 ","$1,380 "
,Shelby County,"$353,810 ","$2,080 ","$2,020 "
,Sumter County,"$94,200 ",$550 ,$510 
,Talladega County,"$172,940 ","$1,020 ",$940 
,Tallapoosa County,"$162,190 ",$950 ,$880 
,Tuscaloosa County,"$278,030 ","$1,640 ","$1,520 "
,Walker County,"$142,020 ",$840 ,$810 
,Washington County,"$171,150 ","$1,010 ",$930 
,Wilcox County,"$94,310 ",$560 ,$510 
,Winston County,"$123,770 ",$730 ,$670 
Alaska,Aleutians East Borough,"$155,730 ",$920 ,$910 
,Aleutians West Census Area,"$452,310 ","$2,660 ","$2,630 "
,Anchorage Municipality,"$412,250 ","$2,430 ","$2,320 "
,Bethel Census Area,"$130,160 ",$770 ,$760 
,Bristol Bay Borough,"$291,180 ","$1,710 ","$1,690 "
,Denali Borough,"$282,760 ","$1,660 ","$1,640 "
,Dillingham Census Area,"$176,780 ","$1,040 ","$1,030 "
,Fairbanks North Star Borough,"$333,660 ","$1,960 ","$1,720 "
,Haines Borough,"$344,170 ","$2,030 ","$2,000 "
,Juneau City and Borough,"$466,770 ","$2,750 ","$2,720 "
,Kenai Peninsula Borough,"$321,070 ","$1,890 ","$1,870 "
,Ketchikan Gateway Borough,"$409,030 ","$2,410 ","$2,380 "
,Kodiak Island Borough,"$413,020 ","$2,430 ","$2,400 "
,Lake and Peninsula Borough,"$179,260 ","$1,060 ","$1,040 "
,Matanuska-Susitna Borough,"$364,610 ","$2,150 ","$2,050 "
,Nome Census Area,"$216,930 ","$1,280 ","$1,260 "
,North Slope Borough,"$237,000 ","$1,390 ","$1,380 "
,Northwest Arctic Borough,"$175,380 ","$1,030 ","$1,020 "
,Sitka City and Borough,"$477,130 ","$2,810 ","$2,780 "
,Southeast Fairbanks Census Area,"$283,620 ","$1,670 ","$1,650 "
,Yakutat City and Borough,"$199,660 ","$1,180 ","$1,160 "
,Yukon-Koyukuk Census Area,"$94,760 ",$560 ,$550 
Arizona,Apache County,"$56,520 ",$330 ,$320 
,Cochise County,"$252,270 ","$1,480 ","$1,410 "
,Coconino County,"$517,250 ","$3,040 ","$2,910 "
,Gila County,"$264,930 ","$1,560 ","$1,480 "
,Graham County,"$217,410 ","$1,280 ","$1,210 "
,Greenlee County,"$146,190 ",$860 ,$820 
,La Paz County,"$126,140 ",$740 ,$700 
,Maricopa County,"$509,180 ","$3,000 ","$2,910 "
,Mohave County,"$314,540 ","$1,850 ","$1,760 "
,Navajo County,"$258,920 ","$1,520 ","$1,450 "
,Pima County,"$367,390 ","$2,160 ","$2,060 "
,Pinal County,"$402,610 ","$2,370 ","$2,300 "
,Santa Cruz County,"$231,780 ","$1,360 ","$1,290 "
,Yavapai County,"$481,770 ","$2,840 ","$2,770 "
,Yuma County,"$272,490 ","$1,600 ","$1,580 "
,Arkansas County,"$143,610 ",$850 ,$810 
,Ashley County,"$98,550 ",$580 ,$550 
,Baxter County,"$183,560 ","$1,080 ","$1,030 "
,Benton County,"$406,250 ","$2,390 ","$2,250 "
,Boone County,"$187,890 ","$1,110 ","$1,060 "
,Bradley County,"$107,650 ",$630 ,$600 
,Calhoun County,"$107,990 ",$640 ,$610 
,Carroll County,"$206,760 ","$1,220 ","$1,160 "
,Chicot County,"$100,440 ",$590 ,$560 
,Clark County,"$163,250 ",$960 ,$920 
,Clay County,"$97,780 ",$580 ,$550 
,Cleburne County,"$193,780 ","$1,140 ","$1,090 "
,Columbia County,"$157,260 ",$930 ,$880 
,Conway County,"$152,050 ",$890 ,$850 
,Craighead County,"$202,960 ","$1,190 ","$1,180 "
,Crawford County,"$189,190 ","$1,110 ","$1,010 "
,Crittenden County,"$161,270 ",$950 ,$920 
,Cross County,"$115,420 ",$680 ,$650 
,Dallas County,"$108,980 ",$640 ,$610 
,Desha County,"$98,890 ",$580 ,$560 
,Drew County,"$141,840 ",$830 ,$800 
,Faulkner County,"$261,680 ","$1,540 ","$1,470 "
,Franklin County,"$132,210 ",$780 ,$710 
,Fulton County,"$118,970 ",$700 ,$670 
,Garland County,"$238,980 ","$1,410 ","$1,340 "
,Grant County,"$169,380 ","$1,000 ",$950 
,Greene County,"$180,010 ","$1,060 ","$1,010 "
,Hempstead County,"$111,200 ",$650 ,$620 
,Hot Spring County,"$141,950 ",$840 ,$800 
,Howard County,"$150,270 ",$880 ,$840 
,Independence County,"$133,730 ",$790 ,$750 
,Izard County,"$135,510 ",$800 ,$760 
,Jackson County,"$96,890 ",$570 ,$540 
,Johnson County,"$138,510 ",$820 ,$780 
,Lafayette County,"$82,790 ",$490 ,$460 
,Lawrence County,"$101,100 ",$600 ,$570 
,Lee County,"$86,460 ",$510 ,$490 
,Little River County,"$125,850 ",$740 ,$710 
,Logan County,"$140,840 ",$830 ,$790 
,Lonoke County,"$207,530 ","$1,220 ","$1,170 "
,Madison County,"$174,490 ","$1,030 ",$970 
,Marion County,"$175,800 ","$1,030 ",$990 
,Miller County,"$160,240 ",$940 ,$870 
,Mississippi County,"$128,520 ",$760 ,$720 
,Monroe County,"$91,230 ",$540 ,$510 
,Montgomery County,"$150,940 ",$890 ,$850 
,Nevada County,"$95,110 ",$560 ,$530 
,Newton County,"$198,440 ","$1,170 ","$1,110 "
,Ouachita County,"$110,540 ",$650 ,$620 
,Perry County,"$141,750 ",$830 ,$800 
,Phillips County,"$84,570 ",$500 ,$470 
,Pike County,"$128,070 ",$750 ,$720 
,Poinsett County,"$108,280 ",$640 ,$630 
,Polk County,"$136,060 ",$800 ,$760 
,Pope County,"$179,460 ","$1,060 ","$1,010 "
,Prairie County,"$97,110 ",$570 ,$550 
,Pulaski County,"$243,920 ","$1,440 ","$1,370 "
,Randolph County,"$131,070 ",$770 ,$740 
,St. Francis County,"$97,330 ",$570 ,$550 
,Saline County,"$258,180 ","$1,520 ","$1,450 "
,Scott County,"$123,080 ",$720 ,$690 
,Searcy County,"$119,970 ",$710 ,$670 
,Sebastian County,"$213,120 ","$1,250 ","$1,140 "
,Sevier County,"$123,970 ",$730 ,$700 
,Sharp County,"$104,990 ",$620 ,$590 
,Stone County,"$165,810 ",$980 ,$930 
,Union County,"$127,300 ",$750 ,$710 
,Van Buren County,"$135,730 ",$800 ,$760 
,Washington County,"$360,140 ","$2,120 ","$2,000 "
,White County,"$194,330 ","$1,140 ","$1,090 "
,Woodruff County,"$107,430 ",$630 ,$600 
,Yell County,"$145,720 ",$860 ,$820 
California,Alameda County,"$1,150,990 ","$6,770 ","$6,760 "
,Alpine County,"$484,220 ","$2,850 ","$2,730 "
,Amador County,"$439,230 ","$2,590 ","$2,470 "
,Butte County,"$451,220 ","$2,660 ","$2,550 "
,Calaveras County,"$458,970 ","$2,700 ","$2,590 "
,Colusa County,"$389,680 ","$2,290 ","$2,200 "
,Contra Costa County,"$894,240 ","$5,260 ","$5,250 "
,Del Norte County,"$332,020 ","$1,950 ","$1,870 "
,El Dorado County,"$750,080 ","$4,410 ","$4,320 "
,Fresno County,"$427,160 ","$2,510 ","$2,420 "
,Glenn County,"$351,550 ","$2,070 ","$1,980 "
,Humboldt County,"$486,190 ","$2,860 ","$2,740 "
,Imperial County,"$375,100 ","$2,210 ","$2,040 "
,Inyo County,"$351,550 ","$2,070 ","$1,980 "
,Kern County,"$388,760 ","$2,290 ","$2,160 "
,Kings County,"$378,670 ","$2,230 ","$2,100 "
,Lake County,"$349,790 ","$2,060 ","$1,970 "
,Lassen County,"$269,590 ","$1,590 ","$1,520 "
,Los Angeles County,"$924,540 ","$5,440 ","$5,170 "
,Marin County,"$1,630,020 ","$9,590 ","$9,570 "
,Mariposa County,"$371,920 ","$2,190 ","$2,090 "
,Mendocino County,"$530,240 ","$3,120 ","$2,990 "
,Merced County,"$461,080 ","$2,710 ","$2,540 "
,Modoc County,"$220,240 ","$1,300 ","$1,240 "
,Mono County,"$534,290 ","$3,140 ","$3,010 "
,Monterey County,"$851,530 ","$5,010 ","$4,750 "
,Napa County,"$860,130 ","$5,060 ","$5,160 "
,Nevada County,"$672,360 ","$3,960 ","$3,790 "
,Orange County,"$1,072,580 ","$6,310 ","$5,990 "
,Placer County,"$730,880 ","$4,300 ","$4,210 "
,Plumas County,"$340,130 ","$2,000 ","$1,920 "
,Riverside County,"$633,070 ","$3,730 ","$3,570 "
,Sacramento County,"$579,040 ","$3,410 ","$3,330 "
,San Benito County,"$838,460 ","$4,930 ","$4,850 "
,San Bernardino County,"$566,580 ","$3,330 ","$3,190 "
,San Diego County,"$980,530 ","$5,770 ","$5,530 "
,San Francisco County,"$1,453,020 ","$8,550 ","$8,530 "
,San Joaquin County,"$570,650 ","$3,360 ","$3,290 "
,San Luis Obispo County,"$913,630 ","$5,380 ","$5,110 "
,San Mateo County,"$1,608,890 ","$9,470 ","$9,450 "
,Santa Barbara County,"$894,110 ","$5,260 ","$5,180 "
,Santa Clara County,"$1,588,730 ","$9,350 ","$9,190 "
,Santa Cruz County,"$1,041,120 ","$6,130 ","$6,090 "
,Shasta County,"$365,920 ","$2,150 ","$2,110 "
,Sierra County,"$347,090 ","$2,040 ","$1,960 "
,Siskiyou County,"$295,560 ","$1,740 ","$1,660 "
,Solano County,"$645,910 ","$3,800 ","$3,770 "
,Sonoma County,"$829,690 ","$4,880 ","$4,740 "
,Stanislaus County,"$496,790 ","$2,920 ","$2,800 "
,Sutter County,"$442,840 ","$2,610 ","$2,570 "
,Tehama County,"$335,350 ","$1,970 ","$1,890 "
,Trinity County,"$341,790 ","$2,010 ","$1,930 "
,Tulare County,"$371,320 ","$2,190 ","$2,100 "
,Tuolumne County,"$421,990 ","$2,480 ","$2,380 "
,Ventura County,"$905,820 ","$5,330 ","$4,970 "
,Yolo County,"$661,580 ","$3,890 ","$3,810 "
,Yuba County,"$427,860 ","$2,520 ","$2,480 "
,Adams County,"$520,200 ","$3,060 ","$3,000 "
,Alamosa County,"$242,900 ","$1,430 ","$1,350 "
,Arapahoe County,"$596,790 ","$3,510 ","$3,440 "
,Archuleta County,"$501,110 ","$2,950 ","$2,780 "
,Baca County,"$135,440 ",$800 ,$750 
,Bent County,"$153,090 ",$900 ,$850 
,Boulder County,"$828,810 ","$4,880 ","$4,730 "
,Broomfield County,"$695,150 ","$4,090 ","$4,010 "
,Chaffee County,"$664,410 ","$3,910 ","$3,690 "
,Cheyenne County,"$207,700 ","$1,220 ","$1,150 "
,Clear Creek County,"$602,580 ","$3,550 ","$3,470 "
,Conejos County,"$179,950 ","$1,060 ","$1,000 "
,Costilla County,"$190,160 ","$1,120 ","$1,060 "
,Crowley County,"$118,450 ",$700 ,$660 
,Custer County,"$398,310 ","$2,340 ","$2,210 "
,Delta County,"$353,020 ","$2,080 ","$1,960 "
,Denver County,"$659,070 ","$3,880 ","$3,800 "
,Dolores County,"$257,440 ","$1,520 ","$1,430 "
,Douglas County,"$763,210 ","$4,490 ","$4,400 "
,Eagle County,"$904,420 ","$5,320 ","$5,020 "
,Elbert County,"$699,150 ","$4,110 ","$4,030 "
,El Paso County,"$499,830 ","$2,940 ","$2,830 "
,Fremont County,"$313,170 ","$1,840 ","$1,740 "
,Garfield County,"$544,630 ","$3,210 ","$3,020 "
,Gilpin County,"$539,250 ","$3,170 ","$3,110 "
,Grand County,"$563,060 ","$3,310 ","$3,130 "
,Gunnison County,"$662,970 ","$3,900 ","$3,680 "
,Hinsdale County,"$487,120 ","$2,870 ","$2,700 "
Colorado,Huerfano County,"$284,970 ","$1,680 ","$1,580 "
,Jackson County,"$277,530 ","$1,630 ","$1,540 "
,Jefferson County,"$679,470 ","$4,000 ","$3,920 "
,Kiowa County,"$164,960 ",$970 ,$920 
,Kit Carson County,"$245,780 ","$1,450 ","$1,360 "
,Lake County,"$445,490 ","$2,620 ","$2,470 "
,La Plata County,"$609,570 ","$3,590 ","$3,380 "
,Larimer County,"$595,970 ","$3,510 ","$3,370 "
,Las Animas County,"$238,120 ","$1,400 ","$1,320 "
,Lincoln County,"$257,660 ","$1,520 ","$1,430 "
,Logan County,"$253,220 ","$1,490 ","$1,410 "
,Mesa County,"$429,410 ","$2,530 ","$2,280 "
,Mineral County,"$458,480 ","$2,700 ","$2,550 "
,Moffat County,"$291,410 ","$1,720 ","$1,620 "
,Montezuma County,"$342,030 ","$2,010 ","$1,900 "
,Montrose County,"$397,310 ","$2,340 ","$2,210 "
,Morgan County,"$332,260 ","$1,960 ","$1,840 "
,Otero County,"$178,400 ","$1,050 ",$990 
,Ouray County,"$743,900 ","$4,380 ","$4,130 "
,Park County,"$514,730 ","$3,030 ","$2,970 "
,Phillips County,"$283,420 ","$1,670 ","$1,570 "
,Pitkin County,"$1,255,780 ","$7,390 ","$6,970 "
,Prowers County,"$167,520 ",$990 ,$930 
,Pueblo County,"$318,630 ","$1,880 ","$1,790 "
,Rio Blanco County,"$270,200 ","$1,590 ","$1,500 "
,Rio Grande County,"$239,120 ","$1,410 ","$1,330 "
,Routt County,"$839,480 ","$4,940 ","$4,660 "
,Saguache County,"$222,030 ","$1,310 ","$1,230 "
,San Juan County,"$451,710 ","$2,660 ","$2,510 "
,San Miguel County,"$680,620 ","$4,010 ","$3,780 "
,Sedgwick County,"$158,420 ",$930 ,$880 
,Summit County,"$944,390 ","$5,560 ","$5,240 "
,Teller County,"$472,340 ","$2,780 ","$2,670 "
,Washington County,"$242,340 ","$1,430 ","$1,350 "
,Weld County,"$501,580 ","$2,950 ","$2,820 "
,Yuma County,"$239,340 ","$1,410 ","$1,330 "
Delaware,Kent County,"$369,720 ","$2,180 ","$2,130 "
,New Castle County,"$400,430 ","$2,360 ","$2,170 "
"District of
Columbia",District of Columbia,"$755,190 ","$4,440 ","$4,270 "
,Alachua County,"$341,840 ","$2,010 ","$2,000 "
,Baker County,"$236,100 ","$1,390 ","$1,360 "
,Bay County,"$334,200 ","$1,970 ","$1,930 "
,Bradford County,"$198,160 ","$1,170 ","$1,110 "
,Brevard County,"$369,190 ","$2,170 ","$2,140 "
,Broward County,"$514,560 ","$3,030 ","$2,870 "
,Calhoun County,"$147,270 ",$870 ,$820 
,Charlotte County,"$357,390 ","$2,100 ","$2,130 "
,Citrus County,"$306,420 ","$1,800 ","$1,710 "
,Clay County,"$354,680 ","$2,090 ","$2,040 "
,Collier County,"$613,730 ","$3,610 ","$3,480 "
,Columbia County,"$253,110 ","$1,490 ","$1,420 "
,DeSoto County,"$166,510 ",$980 ,$930 
,Dixie County,"$106,500 ",$630 ,$600 
,Duval County,"$337,260 ","$1,980 ","$1,940 "
,Escambia County,"$304,430 ","$1,790 ","$1,760 "
,Franklin County,"$279,490 ","$1,640 ","$1,560 "
,Gadsden County,"$165,670 ",$980 ,$960 
,Gilchrist County,"$212,680 ","$1,250 ","$1,240 "
,Glades County,"$126,170 ",$740 ,$710 
,Gulf County,"$259,050 ","$1,520 ","$1,450 "
,Hamilton County,"$121,340 ",$710 ,$680 
,Hardee County,"$142,220 ",$840 ,$800 
,Hendry County,"$208,490 ","$1,230 ","$1,170 "
,Hernando County,"$327,480 ","$1,930 ","$1,890 "
,Highlands County,"$229,590 ","$1,350 ","$1,280 "
,Hillsborough County,"$425,260 ","$2,500 ","$2,450 "
,Holmes County,"$111,450 ",$660 ,$620 
,Indian River County,"$396,240 ","$2,330 ","$2,310 "
,Jackson County,"$125,180 ",$740 ,$700 
,Jefferson County,"$212,900 ","$1,250 ","$1,240 "
,Lafayette County,"$144,640 ",$850 ,$810 
,Lake County,"$354,410 ","$2,090 ","$2,000 "
,Lee County,"$375,980 ","$2,210 ","$2,290 "
,Leon County,"$333,910 ","$1,970 ","$1,940 "
,Levy County,"$188,380 ","$1,110 ","$1,050 "
,Liberty County,"$129,250 ",$760 ,$720 
,Madison County,"$116,390 ",$680 ,$650 
,Manatee County,"$417,370 ","$2,460 ","$2,520 "
,Marion County,"$293,010 ","$1,720 ","$1,670 "
,Martin County,"$464,880 ","$2,740 ","$2,680 "
,Miami-Dade County,"$572,570 ","$3,370 ","$3,190 "
,Monroe County,"$885,960 ","$5,210 ","$4,950 "
,Nassau County,"$431,810 ","$2,540 ","$2,490 "
,Okaloosa County,"$377,900 ","$2,220 ","$2,200 "
,Okeechobee County,"$196,730 ","$1,160 ","$1,100 "
,Orange County,"$446,950 ","$2,630 ","$2,520 "
,Osceola County,"$411,250 ","$2,420 ","$2,320 "
,Palm Beach County,"$575,960 ","$3,390 ","$3,210 "
,Pasco County,"$362,470 ","$2,130 ","$2,090 "
,Pinellas County,"$410,440 ","$2,420 ","$2,370 "
,Polk County,"$314,020 ","$1,850 ","$1,820 "
,Putnam County,"$176,070 ","$1,040 ",$980 
,St. Johns County,"$560,980 ","$3,300 ","$3,230 "
,St. Lucie County,"$393,470 ","$2,320 ","$2,270 "
,Santa Rosa County,"$362,880 ","$2,140 ","$2,100 "
,Sarasota County,"$443,250 ","$2,610 ","$2,680 "
,Seminole County,"$445,180 ","$2,620 ","$2,510 "
,Sumter County,"$451,720 ","$2,660 ","$2,530 "
,Suwannee County,"$176,840 ","$1,040 ",$990 
,Taylor County,"$110,130 ",$650 ,$620 
,Union County,"$176,290 ","$1,040 ",$990 
,Volusia County,"$353,050 ","$2,080 ","$2,040 "
,Wakulla County,"$231,640 ","$1,360 ","$1,350 "
,Walton County,"$481,390 ","$2,830 ","$2,690 "
,Washington County,"$171,450 ","$1,010 ",$960 
,Appling County,"$92,180 ",$540 ,$510 
,Atkinson County,"$86,410 ",$510 ,$480 
,Bacon County,"$117,890 ",$690 ,$660 
,Baker County,"$133,200 ",$780 ,$780 
,Baldwin County,"$186,520 ","$1,100 ","$1,040 "
,Banks County,"$285,050 ","$1,680 ","$1,580 "
,Barrow County,"$329,130 ","$1,940 ","$1,860 "
,Bartow County,"$338,540 ","$1,990 ","$1,910 "
,Ben Hill County,"$129,780 ",$760 ,$720 
,Berrien County,"$130,460 ",$770 ,$730 
,Bibb County,"$226,420 ","$1,330 ","$1,240 "
,Bleckley County,"$150,510 ",$890 ,$840 
,Brantley County,"$106,680 ",$630 ,$570 
,Brooks County,"$135,120 ",$800 ,$750 
,Bryan County,"$380,540 ","$2,240 ","$2,060 "
,Bulloch County,"$272,020 ","$1,600 ","$1,510 "
,Burke County,"$124,300 ",$730 ,$660 
,Butts County,"$249,250 ","$1,470 ","$1,410 "
,Calhoun County,"$93,090 ",$550 ,$520 
,Camden County,"$264,890 ","$1,560 ","$1,470 "
,Candler County,"$153,570 ",$900 ,$850 
,Carroll County,"$307,240 ","$1,810 ","$1,740 "
,Catoosa County,"$259,050 ","$1,520 ","$1,460 "
,Charlton County,"$134,770 ",$790 ,$750 
,Chatham County,"$384,980 ","$2,270 ","$2,090 "
,Chattahoochee County,"$110,000 ",$650 ,$650 
,Chattooga County,"$111,780 ",$660 ,$620 
,Cherokee County,"$493,250 ","$2,900 ","$2,790 "
,Clarke County,"$376,520 ","$2,220 ","$2,020 "
,Clay County,"$104,760 ",$620 ,$580 
,Clayton County,"$269,060 ","$1,580 ","$1,520 "
,Clinch County,"$97,730 ",$580 ,$540 
,Cobb County,"$472,680 ","$2,780 ","$2,670 "
,Coffee County,"$142,350 ",$840 ,$790 
,Colquitt County,"$137,480 ",$810 ,$760 
,Columbia County,"$377,840 ","$2,220 ","$2,000 "
,Cook County,"$139,300 ",$820 ,$770 
,Coweta County,"$419,070 ","$2,470 ","$2,370 "
,Crawford County,"$164,090 ",$970 ,$900 
,Crisp County,"$136,800 ",$810 ,$760 
,Dade County,"$186,030 ","$1,090 ","$1,050 "
,Dawson County,"$385,040 ","$2,270 ","$2,180 "
,Decatur County,"$165,570 ",$970 ,$920 
,DeKalb County,"$402,870 ","$2,370 ","$2,280 "
,Dodge County,"$123,100 ",$720 ,$680 
,Dooly County,"$109,170 ",$640 ,$610 
,Dougherty County,"$160,260 ",$940 ,$940 
,Douglas County,"$359,330 ","$2,110 ","$2,030 "
,Early County,"$147,340 ",$870 ,$820 
,Echols County,"$128,830 ",$760 ,$710 
,Effingham County,"$339,370 ","$2,000 ","$1,840 "
,Elbert County,"$129,780 ",$760 ,$720 
,Emanuel County,"$99,890 ",$590 ,$560 
,Evans County,"$158,210 ",$930 ,$880 
,Fannin County,"$310,980 ","$1,830 ","$1,730 "
,Fayette County,"$506,490 ","$2,980 ","$2,860 "
,Floyd County,"$236,470 ","$1,390 ","$1,480 "
,Forsyth County,"$642,610 ","$3,780 ","$3,630 "
,Franklin County,"$181,880 ","$1,070 ","$1,010 "
,Fulton County,"$522,470 ","$3,070 ","$2,950 "
,Gilmer County,"$315,850 ","$1,860 ","$1,760 "
,Glascock County,"$139,070 ",$820 ,$770 
,Glynn County,"$391,840 ","$2,310 ","$2,080 "
,Gordon County,"$232,840 ","$1,370 ","$1,290 "
,Grady County,"$154,580 ",$910 ,$860 
,Greene County,"$387,540 ","$2,280 ","$2,150 "
,Gwinnett County,"$432,740 ","$2,550 ","$2,450 "
,Habersham County,"$240,090 ","$1,410 ","$1,330 "
,Hall County,"$406,510 ","$2,390 ","$2,280 "
,Hancock County,"$98,980 ",$580 ,$550 
,Haralson County,"$230,210 ","$1,350 ","$1,300 "
,Harris County,"$307,190 ","$1,810 ","$1,810 "
,Hart County,"$233,860 ","$1,380 ","$1,300 "
,Heard County,"$176,160 ","$1,040 ","$1,000 "
,Henry County,"$366,110 ","$2,150 ","$2,070 "
,Houston County,"$259,490 ","$1,530 ","$1,360 "
,Irwin County,"$119,250 ",$700 ,$660 
,Jackson County,"$411,320 ","$2,420 ","$2,290 "
,Jasper County,"$240,390 ","$1,410 ","$1,360 "
,Jeff Davis County,"$123,780 ",$730 ,$690 
,Jefferson County,"$105,430 ",$620 ,$590 
,Jenkins County,"$91,840 ",$540 ,$510 
,Johnson County,"$103,280 ",$610 ,$570 
,Jones County,"$197,860 ","$1,160 ","$1,090 "
,Lamar County,"$220,370 ","$1,300 ","$1,250 "
,Lanier County,"$184,320 ","$1,080 ","$1,020 "
,Laurens County,"$155,600 ",$920 ,$860 
,Lee County,"$251,640 ","$1,480 ","$1,470 "
,Liberty County,"$249,010 ","$1,470 ","$1,250 "
,Lincoln County,"$185,270 ","$1,090 ","$1,030 "
,Long County,"$216,310 ","$1,270 ","$1,080 "
,Lowndes County,"$253,770 ","$1,490 ","$1,400 "
,Lumpkin County,"$313,930 ","$1,850 ","$1,740 "
,McDuffie County,"$178,830 ","$1,050 ",$950 
,McIntosh County,"$202,080 ","$1,190 ","$1,070 "
,Macon County,"$98,530 ",$580 ,$550 
,Madison County,"$234,870 ","$1,380 ","$1,260 "
,Marion County,"$134,580 ",$790 ,$790 
,Meriwether County,"$169,160 ","$1,000 ",$960 
,Miller County,"$133,970 ",$790 ,$740 
,Mitchell County,"$119,480 ",$700 ,$660 
,Monroe County,"$275,600 ","$1,620 ","$1,510 "
,Montgomery County,"$133,860 ",$790 ,$740 
,Morgan County,"$365,910 ","$2,150 ","$2,030 "
,Murray County,"$196,050 ","$1,150 ","$1,070 "
,Muscogee County,"$218,460 ","$1,290 ","$1,280 "
,Newton County,"$323,660 ","$1,900 ","$1,830 "
,Oconee County,"$502,230 ","$2,960 ","$2,690 "
,Oglethorpe County,"$234,750 ","$1,380 ","$1,260 "
,Paulding County,"$387,340 ","$2,280 ","$2,190 "
,Peach County,"$210,760 ","$1,240 ","$1,170 "
,Pickens County,"$316,870 ","$1,860 ","$1,790 "
,Pierce County,"$149,600 ",$880 ,$830 
,Pike County,"$290,720 ","$1,710 ","$1,640 "
,Polk County,"$185,160 ","$1,090 ","$1,030 "
,Pulaski County,"$163,420 ",$960 ,$910 
,Putnam County,"$251,410 ","$1,480 ","$1,400 "
,Quitman County,"$116,650 ",$690 ,$650 
,Rabun County,"$308,720 ","$1,820 ","$1,720 "
,Randolph County,"$102,940 ",$610 ,$570 
,Richmond County,"$227,260 ","$1,340 ","$1,210 "
,Rockdale County,"$359,110 ","$2,110 ","$2,030 "
,Schley County,"$173,160 ","$1,020 ",$960 
,Screven County,"$138,500 ",$820 ,$770 
,Seminole County,"$126,390 ",$740 ,$700 
,Spalding County,"$263,040 ","$1,550 ","$1,490 "
,Stephens County,"$190,480 ","$1,120 ","$1,060 "
,Stewart County,"$60,020 ",$350 ,$330 
,Sumter County,"$138,500 ",$820 ,$770 
,Talbot County,"$144,050 ",$850 ,$800 
,Taliaferro County,"$82,780 ",$490 ,$460 
,Tattnall County,"$138,620 ",$820 ,$770 
,Taylor County,"$93,880 ",$550 ,$520 
,Telfair County,"$122,540 ",$720 ,$680 
,Terrell County,"$123,660 ",$730 ,$720 
,Thomas County,"$209,850 ","$1,240 ","$1,170 "
,Tift County,"$162,060 ",$950 ,$900 
,Toombs County,"$143,940 ",$850 ,$800 
,Towns County,"$353,220 ","$2,080 ","$1,960 "
,Treutlen County,"$111,440 ",$660 ,$620 
,Troup County,"$272,930 ","$1,610 ","$1,520 "
,Turner County,"$107,810 ",$630 ,$600 
,Twiggs County,"$118,420 ",$700 ,$650 
,Union County,"$308,720 ","$1,820 ","$1,720 "
,Upson County,"$169,310 ","$1,000 ",$940 
,Walker County,"$245,430 ","$1,440 ","$1,380 "
,Walton County,"$390,840 ","$2,300 ","$2,210 "
,Ware County,"$120,610 ",$710 ,$670 
,Warren County,"$88,330 ",$520 ,$490 
,Washington County,"$130,920 ",$770 ,$730 
,Wayne County,"$169,650 ","$1,000 ",$940 
,Webster County,"$104,420 ",$610 ,$580 
,Wheeler County,"$84,480 ",$500 ,$470 
,White County,"$296,940 ","$1,750 ","$1,650 "
,Whitfield County,"$275,350 ","$1,620 ","$1,500 "
,Wilcox County,"$80,630 ",$470 ,$450 
,Wilkes County,"$118,910 ",$700 ,$660 
,Wilkinson County,"$102,830 ",$610 ,$570 
,Worth County,"$124,660 ",$730 ,$730 
Hawaii,Hawaii County,"$588,710 ","$3,460 ","$3,280 "
,Honolulu County,"$958,650 ","$5,640 ","$5,730 "
,Kauai County,"$989,170 ","$5,820 ","$5,510 "
,Maui County,"$1,040,380 ","$6,120 ","$5,800 "
Idaho,Ada County,"$578,450 ","$3,400 ","$3,210 "
,Adams County,"$355,510 ","$2,090 ","$1,980 "
,Bannock County,"$374,150 ","$2,200 ","$2,140 "
,Bear Lake County,"$254,390 ","$1,500 ","$1,410 "
,Benewah County,"$277,850 ","$1,640 ","$1,550 "
,Bingham County,"$280,240 ","$1,650 ","$1,560 "
,Blaine County,"$721,020 ","$4,240 ","$4,010 "
,Boise County,"$466,740 ","$2,750 ","$2,590 "
,Bonner County,"$470,760 ","$2,770 ","$2,620 "
,Bonneville County,"$390,390 ","$2,300 ","$2,210 "
,Boundary County,"$373,760 ","$2,200 ","$2,080 "
,Butte County,"$212,680 ","$1,250 ","$1,180 "
,Camas County,"$270,350 ","$1,590 ","$1,500 "
,Canyon County,"$416,670 ","$2,450 ","$2,310 "
,Caribou County,"$239,180 ","$1,410 ","$1,330 "
,Cassia County,"$279,480 ","$1,640 ","$1,550 "
,Clark County,"$220,500 ","$1,300 ","$1,230 "
,Clearwater County,"$261,560 ","$1,540 ","$1,450 "
,Custer County,"$321,080 ","$1,890 ","$1,790 "
,Elmore County,"$302,290 ","$1,780 ","$1,680 "
,Franklin County,"$318,600 ","$1,880 ","$1,800 "
,Fremont County,"$306,090 ","$1,800 ","$1,700 "
,Gem County,"$404,230 ","$2,380 ","$2,240 "
,Gooding County,"$251,780 ","$1,480 ","$1,400 "
,Idaho County,"$309,130 ","$1,820 ","$1,720 "
,Jefferson County,"$348,930 ","$2,050 ","$1,980 "
,Jerome County,"$275,890 ","$1,620 ","$1,530 "
,Kootenai County,"$578,060 ","$3,400 ","$3,270 "
,Latah County,"$372,020 ","$2,190 ","$2,070 "
,Lemhi County,"$306,420 ","$1,800 ","$1,700 "
,Lewis County,"$219,850 ","$1,290 ","$1,220 "
,Lincoln County,"$224,520 ","$1,320 ","$1,250 "
,Madison County,"$396,460 ","$2,330 ","$2,200 "
,Minidoka County,"$255,580 ","$1,500 ","$1,420 "
,Nez Perce County,"$325,360 ","$1,910 ","$1,730 "
,Oneida County,"$247,760 ","$1,460 ","$1,380 "
,Owyhee County,"$309,920 ","$1,820 ","$1,720 "
,Payette County,"$337,480 ","$1,990 ","$1,880 "
,Power County,"$209,300 ","$1,230 ","$1,200 "
,Shoshone County,"$241,900 ","$1,420 ","$1,350 "
,Teton County,"$647,260 ","$3,810 ","$3,600 "
,Twin Falls County,"$357,360 ","$2,100 ","$1,990 "
,Valley County,"$651,170 ","$3,830 ","$3,620 "
,Washington County,"$271,870 ","$1,600 ","$1,510 "
,Adams County,"$179,250 ","$1,050 ",$990 
,Alexander County,"$67,490 ",$400 ,$370 
,Bond County,"$151,900 ",$890 ,$830 
,Boone County,"$247,180 ","$1,450 ","$1,300 "
,Brown County,"$163,500 ",$960 ,$910 
,Bureau County,"$140,160 ",$820 ,$780 
,Calhoun County,"$198,580 ","$1,170 ","$1,090 "
,Carroll County,"$130,500 ",$770 ,$720 
,Cass County,"$109,810 ",$650 ,$610 
,Champaign County,"$264,250 ","$1,560 ","$1,470 "
,Christian County,"$128,890 ",$760 ,$720 
,Clark County,"$141,540 ",$830 ,$790 
,Clay County,"$108,430 ",$640 ,$600 
,Clinton County,"$206,000 ","$1,210 ","$1,130 "
,Coles County,"$140,160 ",$820 ,$780 
,Cook County,"$363,960 ","$2,140 ","$1,990 "
,Crawford County,"$130,730 ",$770 ,$730 
,Cumberland County,"$135,330 ",$800 ,$750 
,DeKalb County,"$283,100 ","$1,670 ","$1,550 "
,De Witt County,"$142,800 ",$840 ,$790 
,Douglas County,"$163,960 ",$960 ,$910 
,DuPage County,"$444,480 ","$2,620 ","$2,430 "
,Edgar County,"$110,040 ",$650 ,$610 
,Edwards County,"$112,100 ",$660 ,$620 
,Effingham County,"$206,730 ","$1,220 ","$1,150 "
,Fayette County,"$131,880 ",$780 ,$730 
,Ford County,"$144,420 ",$850 ,$800 
,Franklin County,"$100,840 ",$590 ,$560 
,Fulton County,"$117,850 ",$690 ,$650 
,Gallatin County,"$97,390 ",$570 ,$540 
,Greene County,"$108,540 ",$640 ,$600 
,Grundy County,"$300,730 ","$1,770 ","$1,650 "
,Hamilton County,"$125,100 ",$740 ,$690 
,Hancock County,"$124,640 ",$730 ,$690 
,Hardin County,"$105,440 ",$620 ,$590 
,Henderson County,"$116,820 ",$690 ,$650 
,Henry County,"$160,930 ",$950 ,$910 
,Iroquois County,"$144,180 ",$850 ,$800 
,Jackson County,"$143,720 ",$850 ,$800 
,Jasper County,"$141,310 ",$830 ,$780 
,Jefferson County,"$136,140 ",$800 ,$760 
,Jersey County,"$192,640 ","$1,130 ","$1,050 "
,Jo Daviess County,"$222,940 ","$1,310 ","$1,240 "
,Johnson County,"$170,400 ","$1,000 ",$950 
,Kane County,"$375,920 ","$2,210 ","$2,060 "
,Kankakee County,"$215,920 ","$1,270 ","$1,190 "
,Kendall County,"$379,050 ","$2,230 ","$2,080 "
,Knox County,"$120,610 ",$710 ,$670 
,Lake County,"$394,940 ","$2,320 ","$2,160 "
,LaSalle County,"$177,410 ","$1,040 ",$980 
,Lawrence County,"$109,810 ",$650 ,$610 
,Lee County,"$178,330 ","$1,050 ",$990 
,Livingston County,"$151,200 ",$890 ,$840 
,Logan County,"$144,760 ",$850 ,$800 
,McDonough County,"$119,000 ",$700 ,$660 
,McHenry County,"$357,700 ","$2,110 ","$1,960 "
,McLean County,"$234,550 ","$1,380 ","$1,320 "
,Macon County,"$137,010 ",$810 ,$750 
,Macoupin County,"$143,910 ",$850 ,$790 
,Madison County,"$197,780 ","$1,160 ","$1,080 "
,Marion County,"$115,090 ",$680 ,$640 
,Marshall County,"$156,370 ",$920 ,$870 
,Mason County,"$121,990 ",$720 ,$680 
,Massac County,"$135,680 ",$800 ,$750 
,Menard County,"$203,980 ","$1,200 ","$1,110 "
,Mercer County,"$154,290 ",$910 ,$880 
,Monroe County,"$303,120 ","$1,780 ","$1,660 "
,Montgomery County,"$117,510 ",$690 ,$650 
,Morgan County,"$147,980 ",$870 ,$820 
,Moultrie County,"$139,700 ",$820 ,$780 
,Ogle County,"$211,680 ","$1,250 ","$1,170 "
,Peoria County,"$173,620 ","$1,020 ",$960 
,Perry County,"$120,960 ",$710 ,$670 
,Piatt County,"$211,800 ","$1,250 ","$1,180 "
,Pike County,"$115,090 ",$680 ,$640 
,Pope County,"$190,060 ","$1,120 ","$1,050 "
,Pulaski County,"$93,130 ",$550 ,$520 
,Putnam County,"$192,940 ","$1,140 ","$1,070 "
,Randolph County,"$154,190 ",$910 ,$860 
,Richland County,"$122,570 ",$720 ,$680 
,Rock Island County,"$159,600 ",$940 ,$910 
,St. Clair County,"$211,590 ","$1,250 ","$1,160 "
,Saline County,"$106,820 ",$630 ,$590 
,Sangamon County,"$206,710 ","$1,220 ","$1,130 "
,Schuyler County,"$122,110 ",$720 ,$680 
,Scott County,"$116,930 ",$690 ,$650 
,Shelby County,"$149,930 ",$880 ,$830 
,Stark County,"$117,450 ",$690 ,$650 
,Stephenson County,"$146,600 ",$860 ,$810 
,Tazewell County,"$183,830 ","$1,080 ","$1,020 "
,Union County,"$151,430 ",$890 ,$840 
,Wabash County,"$119,460 ",$700 ,$660 
,Warren County,"$116,470 ",$690 ,$650 
,Washington County,"$172,240 ","$1,010 ",$960 
,Wayne County,"$125,790 ",$740 ,$700 
,White County,"$115,090 ",$680 ,$640 
,Whiteside County,"$144,640 ",$850 ,$800 
,Will County,"$373,830 ","$2,200 ","$2,050 "
,Williamson County,"$179,250 ","$1,050 ",$990 
,Winnebago County,"$200,880 ","$1,180 ","$1,060 "
,Woodford County,"$219,920 ","$1,290 ","$1,220 "
,Adams County,"$200,970 ","$1,180 ","$1,090 "
,Allen County,"$263,640 ","$1,550 ","$1,460 "
,Bartholomew County,"$270,930 ","$1,590 ","$1,580 "
,Benton County,"$163,900 ",$960 ,$880 
,Blackford County,"$112,270 ",$660 ,$610 
,Boone County,"$416,910 ","$2,450 ","$2,290 "
,Brown County,"$273,760 ","$1,610 ","$1,500 "
,Carroll County,"$203,000 ","$1,190 ","$1,090 "
,Cass County,"$137,810 ",$810 ,$750 
,Clark County,"$264,730 ","$1,560 ","$1,440 "
,Clay County,"$162,550 ",$960 ,$850 
,Clinton County,"$182,620 ","$1,070 ",$990 
,Crawford County,"$133,980 ",$790 ,$720 
,Daviess County,"$217,690 ","$1,280 ","$1,180 "
,Dearborn County,"$263,420 ","$1,550 ","$1,440 "
,Decatur County,"$220,470 ","$1,300 ","$1,190 "
,DeKalb County,"$206,540 ","$1,220 ","$1,120 "
,Delaware County,"$163,750 ",$960 ,$890 
,Dubois County,"$246,710 ","$1,450 ","$1,330 "
,Elkhart County,"$232,520 ","$1,370 ","$1,330 "
,Fayette County,"$133,280 ",$780 ,$720 
,Floyd County,"$294,680 ","$1,730 ","$1,600 "
,Fountain County,"$154,640 ",$910 ,$840 
,Franklin County,"$274,550 ","$1,620 ","$1,500 "
,Fulton County,"$168,000 ",$990 ,$910 
,Gibson County,"$188,400 ","$1,110 ","$1,050 "
,Grant County,"$141,410 ",$830 ,$760 
,Greene County,"$147,980 ",$870 ,$790 
,Hamilton County,"$473,920 ","$2,790 ","$2,600 "
,Hancock County,"$326,140 ","$1,920 ","$1,790 "
,Harrison County,"$249,690 ","$1,470 ","$1,360 "
,Hendricks County,"$345,560 ","$2,030 ","$1,890 "
,Henry County,"$162,770 ",$960 ,$880 
,Howard County,"$206,280 ","$1,210 ","$1,110 "
,Huntington County,"$169,970 ","$1,000 ",$920 
,Jackson County,"$202,590 ","$1,190 ","$1,100 "
,Jasper County,"$237,150 ","$1,400 ","$1,300 "
,Jay County,"$127,820 ",$750 ,$690 
,Jefferson County,"$209,670 ","$1,230 ","$1,130 "
,Jennings County,"$179,490 ","$1,060 ",$970 
,Johnson County,"$323,880 ","$1,910 ","$1,780 "
,Knox County,"$143,380 ",$840 ,$780 
,Kosciusko County,"$264,470 ","$1,560 ","$1,430 "
,LaGrange County,"$289,670 ","$1,700 ","$1,570 "
,Lake County,"$274,740 ","$1,620 ","$1,500 "
,LaPorte County,"$238,950 ","$1,410 ","$1,210 "
,Lawrence County,"$190,980 ","$1,120 ","$1,030 "
,Marion County,"$269,470 ","$1,590 ","$1,480 "
,Marshall County,"$214,200 ","$1,260 ","$1,160 "
,Martin County,"$174,610 ","$1,030 ",$940 
,Miami County,"$137,000 ",$810 ,$740 
,Monroe County,"$343,350 ","$2,020 ","$1,840 "
,Montgomery County,"$193,070 ","$1,140 ","$1,040 "
,Morgan County,"$296,560 ","$1,750 ","$1,630 "
,Newton County,"$184,820 ","$1,090 ","$1,010 "
,Noble County,"$212,930 ","$1,250 ","$1,150 "
,Ohio County,"$224,440 ","$1,320 ","$1,230 "
,Orange County,"$167,070 ",$980 ,$900 
,Owen County,"$185,010 ","$1,090 ",$990 
,Parke County,"$161,730 ",$950 ,$870 
,Perry County,"$169,500 ","$1,000 ",$920 
,Pike County,"$149,070 ",$880 ,$810 
,Porter County,"$325,440 ","$1,920 ","$1,780 "
,Posey County,"$240,890 ","$1,420 ","$1,340 "
,Pulaski County,"$156,270 ",$920 ,$840 
,Putnam County,"$232,330 ","$1,370 ","$1,270 "
,Randolph County,"$123,060 ",$720 ,$670 
,Ripley County,"$238,350 ","$1,400 ","$1,290 "
,Rush County,"$181,000 ","$1,070 ",$980 
,St. Joseph County,"$219,740 ","$1,290 ","$1,190 "
,Scott County,"$168,810 ",$990 ,$910 
,Shelby County,"$212,570 ","$1,250 ","$1,170 "
,Spencer County,"$209,210 ","$1,230 ","$1,130 "
,Starke County,"$172,290 ","$1,010 ",$930 
,Steuben County,"$237,190 ","$1,400 ","$1,280 "
,Sullivan County,"$154,100 ",$910 ,$810 
,Switzerland County,"$212,690 ","$1,250 ","$1,150 "
,Tippecanoe County,"$298,750 ","$1,760 ","$1,610 "
,Tipton County,"$202,260 ","$1,190 ","$1,090 "
,Union County,"$188,310 ","$1,110 ","$1,020 "
,Vanderburgh County,"$206,970 ","$1,220 ","$1,150 "
,Vermillion County,"$138,080 ",$810 ,$730 
,Vigo County,"$180,070 ","$1,060 ",$950 
,Wabash County,"$166,720 ",$980 ,$900 
,Warren County,"$185,760 ","$1,090 ","$1,000 "
,Warrick County,"$289,730 ","$1,710 ","$1,610 "
,Washington County,"$184,990 ","$1,090 ","$1,000 "
,Wayne County,"$158,010 ",$930 ,$850 
,Wells County,"$209,980 ","$1,240 ","$1,160 "
,White County,"$189,240 ","$1,110 ","$1,020 "
,Whitley County,"$239,380 ","$1,410 ","$1,320 "
,Adair County,"$158,190 ",$930 ,$880 
,Adams County,"$131,520 ",$770 ,$730 
,Allamakee County,"$193,400 ","$1,140 ","$1,070 "
,Appanoose County,"$134,790 ",$790 ,$750 
,Audubon County,"$124,210 ",$730 ,$690 
,Benton County,"$215,400 ","$1,270 ","$1,250 "
,Black Hawk County,"$195,750 ","$1,150 ","$1,100 "
,Boone County,"$215,120 ","$1,270 ","$1,190 "
,Bremer County,"$225,200 ","$1,330 ","$1,270 "
,Buchanan County,"$192,840 ","$1,130 ","$1,070 "
,Buena Vista County,"$165,280 ",$970 ,$920 
,Butler County,"$176,080 ","$1,040 ",$980 
,Calhoun County,"$128,710 ",$760 ,$710 
,Carroll County,"$197,680 ","$1,160 ","$1,100 "
,Cass County,"$149,980 ",$880 ,$830 
,Cedar County,"$224,680 ","$1,320 ","$1,250 "
,Cerro Gordo County,"$173,380 ","$1,020 ",$960 
,Cherokee County,"$163,250 ",$960 ,$910 
,Chickasaw County,"$184,970 ","$1,090 ","$1,030 "
,Clarke County,"$180,240 ","$1,060 ","$1,000 "
,Clay County,"$192,950 ","$1,140 ","$1,070 "
,Clayton County,"$175,180 ","$1,030 ",$970 
,Clinton County,"$173,040 ","$1,020 ",$960 
,Crawford County,"$153,350 ",$900 ,$850 
,Dallas County,"$379,620 ","$2,230 ","$2,160 "
,Davis County,"$164,260 ",$970 ,$910 
,Decatur County,"$123,200 ",$730 ,$680 
,Delaware County,"$189,800 ","$1,120 ","$1,050 "
,Des Moines County,"$154,140 ",$910 ,$860 
,Dickinson County,"$283,080 ","$1,670 ","$1,570 "
,Dubuque County,"$261,740 ","$1,540 ","$1,440 "
,Emmet County,"$119,490 ",$700 ,$660 
,Fayette County,"$147,160 ",$870 ,$820 
,Floyd County,"$149,980 ",$880 ,$830 
,Franklin County,"$133,320 ",$780 ,$740 
,Fremont County,"$165,950 ",$980 ,$920 
,Greene County,"$158,080 ",$930 ,$880 
,Grundy County,"$196,180 ","$1,150 ","$1,100 "
,Guthrie County,"$177,210 ","$1,040 ","$1,010 "
,Hamilton County,"$148,850 ",$880 ,$830 
,Hancock County,"$145,480 ",$860 ,$810 
,Hardin County,"$127,140 ",$750 ,$710 
,Harrison County,"$180,680 ","$1,060 ","$1,020 "
,Henry County,"$167,190 ",$980 ,$930 
,Howard County,"$150,650 ",$890 ,$840 
,Humboldt County,"$165,280 ",$970 ,$920 
,Ida County,"$122,410 ",$720 ,$680 
,Iowa County,"$213,540 ","$1,260 ","$1,190 "
,Jackson County,"$191,270 ","$1,130 ","$1,060 "
,Jasper County,"$198,920 ","$1,170 ","$1,100 "
,Jefferson County,"$181,370 ","$1,070 ","$1,010 "
,Johnson County,"$343,130 ","$2,020 ","$1,850 "
,Jones County,"$199,110 ","$1,170 ","$1,160 "
,Keokuk County,"$126,240 ",$740 ,$700 
,Kossuth County,"$152,000 ",$890 ,$840 
,Lee County,"$139,060 ",$820 ,$770 
,Linn County,"$241,990 ","$1,420 ","$1,410 "
,Louisa County,"$154,810 ",$910 ,$860 
,Lucas County,"$131,640 ",$770 ,$730 
,Lyon County,"$242,570 ","$1,430 ","$1,350 "
,Madison County,"$256,140 ","$1,510 ","$1,460 "
,Mahaska County,"$158,530 ",$930 ,$880 
,Marion County,"$237,510 ","$1,400 ","$1,320 "
,Marshall County,"$150,880 ",$890 ,$840 
,Mills County,"$249,980 ","$1,470 ","$1,410 "
,Mitchell County,"$184,630 ","$1,090 ","$1,030 "
,Monona County,"$137,940 ",$810 ,$770 
,Monroe County,"$152,900 ",$900 ,$850 
,Montgomery County,"$123,650 ",$730 ,$690 
,Muscatine County,"$193,970 ","$1,140 ","$1,080 "
,O'Brien County,"$178,780 ","$1,050 ",$990 
,Osceola County,"$139,290 ",$820 ,$770 
,Page County,"$135,010 ",$790 ,$750 
,Palo Alto County,"$134,220 ",$790 ,$750 
,Plymouth County,"$245,950 ","$1,450 ","$1,370 "
,Pocahontas County,"$104,970 ",$620 ,$580 
,Polk County,"$293,340 ","$1,730 ","$1,670 "
,Pottawattamie County,"$236,310 ","$1,390 ","$1,330 "
,Poweshiek County,"$207,240 ","$1,220 ","$1,150 "
,Ringgold County,"$169,100 ","$1,000 ",$940 
,Sac County,"$155,710 ",$920 ,$860 
,Scott County,"$269,150 ","$1,580 ","$1,530 "
,Shelby County,"$175,740 ","$1,030 ",$980 
,Sioux County,"$265,070 ","$1,560 ","$1,470 "
,Story County,"$287,760 ","$1,690 ","$1,600 "
,Tama County,"$157,400 ",$930 ,$870 
,Taylor County,"$123,420 ",$730 ,$690 
,Union County,"$132,540 ",$780 ,$740 
,Van Buren County,"$133,660 ",$790 ,$740 
,Wapello County,"$127,020 ",$750 ,$710 
,Warren County,"$273,330 ","$1,610 ","$1,560 "
,Washington County,"$220,430 ","$1,300 ","$1,190 "
,Wayne County,"$115,100 ",$680 ,$640 
,Webster County,"$155,830 ",$920 ,$870 
,Winnebago County,"$148,850 ",$880 ,$830 
,Winneshiek County,"$268,900 ","$1,580 ","$1,490 "
,Woodbury County,"$204,910 ","$1,210 ","$1,110 "
,Worth County,"$160,100 ",$940 ,$890 
,Wright County,"$123,540 ",$730 ,$690 
,Allen County,"$117,160 ",$690 ,$640 
,Anderson County,"$172,590 ","$1,020 ",$950 
,Atchison County,"$172,590 ","$1,020 ",$950 
,Barber County,"$108,180 ",$640 ,$590 
,Barton County,"$136,770 ",$800 ,$750 
,Bourbon County,"$125,570 ",$740 ,$690 
,Brown County,"$129,650 ",$760 ,$710 
,Butler County,"$252,910 ","$1,490 ","$1,400 "
,Chase County,"$123,930 ",$730 ,$680 
,Chautauqua County,"$73,870 ",$430 ,$410 
,Cherokee County,"$116,000 ",$680 ,$640 
,Cheyenne County,"$139,220 ",$820 ,$760 
,Clark County,"$91,490 ",$540 ,$500 
,Clay County,"$174,580 ","$1,030 ",$960 
,Cloud County,"$112,380 ",$660 ,$620 
,Coffey County,"$162,790 ",$960 ,$890 
,Comanche County,"$69,900 ",$410 ,$380 
,Cowley County,"$130,230 ",$770 ,$710 
,Crawford County,"$142,840 ",$840 ,$780 
,Decatur County,"$91,610 ",$540 ,$500 
,Dickinson County,"$173,290 ","$1,020 ",$950 
,Doniphan County,"$149,770 ",$880 ,$800 
,Douglas County,"$371,980 ","$2,190 ","$1,960 "
,Edwards County,"$82,270 ",$480 ,$450 
,Elk County,"$71,070 ",$420 ,$390 
,Ellis County,"$246,350 ","$1,450 ","$1,350 "
,Ellsworth County,"$135,720 ",$800 ,$740 
,Finney County,"$223,010 ","$1,310 ","$1,220 "
,Ford County,"$154,860 ",$910 ,$850 
,Franklin County,"$210,240 ","$1,240 ","$1,170 "
,Geary County,"$175,220 ","$1,030 ","$1,000 "
,Gove County,"$138,870 ",$820 ,$760 
,Graham County,"$103,630 ",$610 ,$570 
,Grant County,"$170,610 ","$1,000 ",$940 
,Gray County,"$203,870 ","$1,200 ","$1,120 "
,Greeley County,"$127,080 ",$750 ,$700 
,Greenwood County,"$96,390 ",$570 ,$530 
,Hamilton County,"$139,690 ",$820 ,$770 
,Harper County,"$90,210 ",$530 ,$490 
,Harvey County,"$197,250 ","$1,160 ","$1,090 "
,Haskell County,"$180,650 ","$1,060 ",$990 
,Hodgeman County,"$108,180 ",$640 ,$590 
,Jackson County,"$232,300 ","$1,370 ","$1,280 "
,Jefferson County,"$240,940 ","$1,420 ","$1,320 "
,Jewell County,"$72,470 ",$430 ,$400 
,Johnson County,"$434,940 ","$2,560 ","$2,420 "
,Kearny County,"$177,960 ","$1,050 ",$980 
,Kingman County,"$125,330 ",$740 ,$690 
,Kiowa County,"$177,850 ","$1,050 ",$980 
,Labette County,"$107,480 ",$630 ,$590 
,Lane County,"$138,870 ",$820 ,$760 
,Leavenworth County,"$309,070 ","$1,820 ","$1,720 "
,Lincoln County,"$108,060 ",$640 ,$590 
,Linn County,"$184,540 ","$1,090 ","$1,030 "
,Logan County,"$136,070 ",$800 ,$750 
,Lyon County,"$165,940 ",$980 ,$910 
,McPherson County,"$231,530 ","$1,360 ","$1,270 "
,Marion County,"$133,500 ",$790 ,$730 
,Marshall County,"$139,450 ",$820 ,$760 
,Meade County,"$142,370 ",$840 ,$780 
,Miami County,"$311,540 ","$1,830 ","$1,740 "
,Mitchell County,"$127,900 ",$750 ,$700 
,Montgomery County,"$107,480 ",$630 ,$590 
,Morris County,"$141,090 ",$830 ,$770 
,Morton County,"$111,560 ",$660 ,$610 
,Nemaha County,"$228,840 ","$1,350 ","$1,250 "
,Neosho County,"$118,100 ",$700 ,$650 
,Ness County,"$99,660 ",$590 ,$550 
,Norton County,"$124,050 ",$730 ,$680 
,Osage County,"$171,350 ","$1,010 ",$940 
,Osborne County,"$98,840 ",$580 ,$540 
,Ottawa County,"$191,500 ","$1,130 ","$1,050 "
,Pawnee County,"$119,500 ",$700 ,$660 
,Phillips County,"$110,510 ",$650 ,$610 
,Pottawatomie County,"$236,820 ","$1,390 ","$1,350 "
,Pratt County,"$133,620 ",$790 ,$730 
,Rawlins County,"$116,000 ",$680 ,$640 
,Reno County,"$145,870 ",$860 ,$800 
,Republic County,"$88,690 ",$520 ,$490 
,Rice County,"$123,110 ",$720 ,$680 
,Riley County,"$235,220 ","$1,380 ","$1,340 "
,Rooks County,"$105,030 ",$620 ,$580 
,Rush County,"$92,540 ",$540 ,$510 
,Russell County,"$124,170 ",$730 ,$680 
,Saline County,"$200,600 ","$1,180 ","$1,100 "
,Scott County,"$198,500 ","$1,170 ","$1,090 "
,Sedgwick County,"$238,680 ","$1,400 ","$1,320 "
,Seward County,"$156,370 ",$920 ,$860 
,Shawnee County,"$219,820 ","$1,290 ","$1,210 "
,Sheridan County,"$177,380 ","$1,040 ",$970 
,Sherman County,"$147,390 ",$870 ,$810 
,Smith County,"$106,190 ",$620 ,$580 
,Stafford County,"$112,850 ",$660 ,$620 
,Stanton County,"$74,920 ",$440 ,$410 
,Stevens County,"$145,290 ",$860 ,$800 
,Sumner County,"$135,110 ",$800 ,$750 
,Thomas County,"$193,600 ","$1,140 ","$1,060 "
,Trego County,"$134,670 ",$790 ,$740 
,Wabaunsee County,"$213,820 ","$1,260 ","$1,170 "
,Wallace County,"$109,930 ",$650 ,$600 
,Washington County,"$123,810 ",$730 ,$680 
,Wichita County,"$115,180 ",$680 ,$630 
,Wilson County,"$109,580 ",$640 ,$600 
,Woodson County,"$89,970 ",$530 ,$490 
,Wyandotte County,"$198,570 ","$1,170 ","$1,110 "
,Adair County,"$151,960 ",$890 ,$850 
,Allen County,"$198,740 ","$1,170 ","$1,110 "
,Anderson County,"$240,330 ","$1,410 ","$1,350 "
,Ballard County,"$149,810 ",$880 ,$840 
,Barren County,"$188,140 ","$1,110 ","$1,050 "
,Bath County,"$126,030 ",$740 ,$710 
,Bell County,"$93,560 ",$550 ,$520 
,Boone County,"$331,270 ","$1,950 ","$1,820 "
,Bourbon County,"$244,760 ","$1,440 ","$1,350 "
,Boyd County,"$144,420 ",$850 ,$790 
,Boyle County,"$226,240 ","$1,330 ","$1,270 "
,Bracken County,"$135,010 ",$790 ,$740 
,Breathitt County,"$69,670 ",$410 ,$390 
,Breckinridge County,"$159,400 ",$940 ,$890 
,Bullitt County,"$296,730 ","$1,750 ","$1,610 "
,Butler County,"$118,930 ",$700 ,$670 
,Caldwell County,"$127,950 ",$750 ,$720 
,Calloway County,"$204,260 ","$1,200 ","$1,140 "
,Campbell County,"$311,440 ","$1,830 ","$1,710 "
,Carlisle County,"$118,030 ",$690 ,$660 
,Carroll County,"$146,320 ",$860 ,$820 
,Carter County,"$142,150 ",$840 ,$800 
,Casey County,"$152,970 ",$900 ,$860 
,Christian County,"$189,260 ","$1,110 ","$1,080 "
,Clark County,"$228,910 ","$1,350 ","$1,260 "
,Clay County,"$98,410 ",$580 ,$550 
,Clinton County,"$128,510 ",$760 ,$720 
,Crittenden County,"$130,430 ",$770 ,$730 
,Cumberland County,"$144,970 ",$850 ,$810 
,Daviess County,"$225,220 ","$1,330 ","$1,240 "
,Edmonson County,"$149,040 ",$880 ,$850 
,Elliott County,"$109,800 ",$650 ,$610 
,Estill County,"$126,140 ",$740 ,$710 
,Fayette County,"$340,420 ","$2,000 ","$1,870 "
,Fleming County,"$129,860 ",$760 ,$730 
,Floyd County,"$105,170 ",$620 ,$590 
,Franklin County,"$223,990 ","$1,320 ","$1,250 "
,Fulton County,"$88,040 ",$520 ,$490 
,Gallatin County,"$196,490 ","$1,160 ","$1,080 "
,Garrard County,"$210,570 ","$1,240 ","$1,180 "
,Grant County,"$215,160 ","$1,270 ","$1,180 "
,Graves County,"$156,690 ",$920 ,$880 
,Grayson County,"$180,480 ","$1,060 ","$1,010 "
,Green County,"$134,030 ",$790 ,$750 
,Greenup County,"$154,710 ",$910 ,$850 
,Hancock County,"$154,570 ",$910 ,$850 
,Hardin County,"$273,950 ","$1,610 ","$1,490 "
,Harlan County,"$82,400 ",$480 ,$460 
,Harrison County,"$212,940 ","$1,250 ","$1,190 "
,Hart County,"$140,460 ",$830 ,$790 
,Henderson County,"$183,100 ","$1,080 ","$1,020 "
,Henry County,"$206,520 ","$1,220 ","$1,120 "
,Hickman County,"$104,050 ",$610 ,$580 
,Hopkins County,"$145,190 ",$850 ,$810 
,Jackson County,"$120,620 ",$710 ,$680 
,Jefferson County,"$285,690 ","$1,680 ","$1,550 "
,Jessamine County,"$283,510 ","$1,670 ","$1,560 "
,Johnson County,"$141,250 ",$830 ,$790 
,Kenton County,"$291,720 ","$1,720 ","$1,600 "
,Knott County,"$84,090 ",$490 ,$470 
,Knox County,"$123,100 ",$720 ,$690 
,Larue County,"$205,000 ","$1,210 ","$1,110 "
,Laurel County,"$161,650 ",$950 ,$910 
,Lawrence County,"$121,860 ",$720 ,$680 
,Lee County,"$92,550 ",$540 ,$520 
,Leslie County,"$83,530 ",$490 ,$470 
,Letcher County,"$79,470 ",$470 ,$450 
,Lewis County,"$97,060 ",$570 ,$540 
,Lincoln County,"$157,030 ",$920 ,$880 
,Livingston County,"$131,100 ",$770 ,$730 
,Logan County,"$170,780 ","$1,010 ",$960 
,Lyon County,"$206,970 ","$1,220 ","$1,160 "
,McCracken County,"$202,460 ","$1,190 ","$1,130 "
,McCreary County,"$86,800 ",$510 ,$490 
,McLean County,"$163,550 ",$960 ,$900 
,Madison County,"$285,310 ","$1,680 ","$1,600 "
,Magoffin County,"$99,540 ",$590 ,$560 
,Marion County,"$178,900 ","$1,050 ","$1,000 "
,Marshall County,"$195,810 ","$1,150 ","$1,100 "
,Martin County,"$95,710 ",$560 ,$540 
,Mason County,"$177,550 ","$1,040 ",$990 
,Meade County,"$222,120 ","$1,310 ","$1,210 "
,Menifee County,"$125,690 ",$740 ,$700 
,Mercer County,"$213,840 ","$1,260 ","$1,200 "
,Metcalfe County,"$116,220 ",$680 ,$650 
,Monroe County,"$131,100 ",$770 ,$730 
,Montgomery County,"$184,650 ","$1,090 ","$1,030 "
,Morgan County,"$119,490 ",$700 ,$670 
,Muhlenberg County,"$136,740 ",$800 ,$770 
,Nelson County,"$255,270 ","$1,500 ","$1,390 "
,Nicholas County,"$134,820 ",$790 ,$760 
,Ohio County,"$127,830 ",$750 ,$720 
,Oldham County,"$441,400 ","$2,600 ","$2,400 "
,Owen County,"$186,000 ","$1,090 ","$1,040 "
,Owsley County,"$90,070 ",$530 ,$500 
,Pendleton County,"$186,510 ","$1,100 ","$1,020 "
,Perry County,"$102,240 ",$600 ,$570 
,Pike County,"$117,460 ",$690 ,$660 
,Powell County,"$160,520 ",$940 ,$900 
,Pulaski County,"$213,620 ","$1,260 ","$1,200 "
,Robertson County,"$139,110 ",$820 ,$780 
,Rockcastle County,"$134,480 ",$790 ,$750 
,Rowan County,"$175,740 ","$1,030 ",$980 
,Russell County,"$167,060 ",$980 ,$940 
,Scott County,"$305,610 ","$1,800 ","$1,680 "
,Shelby County,"$316,100 ","$1,860 ","$1,720 "
,Simpson County,"$220,610 ","$1,300 ","$1,240 "
,Spencer County,"$339,000 ","$2,000 ","$1,840 "
,Taylor County,"$184,530 ","$1,090 ","$1,030 "
,Todd County,"$177,430 ","$1,040 ",$990 
,Trigg County,"$207,290 ","$1,220 ","$1,180 "
,Trimble County,"$196,720 ","$1,160 ","$1,070 "
,Union County,"$122,870 ",$720 ,$690 
,Warren County,"$293,170 ","$1,730 ","$1,670 "
,Washington County,"$189,720 ","$1,120 ","$1,060 "
,Wayne County,"$137,190 ",$810 ,$770 
,Webster County,"$107,850 ",$630 ,$600 
,Whitley County,"$135,950 ",$800 ,$760 
,Wolfe County,"$74,850 ",$440 ,$420 
,Woodford County,"$312,780 ","$1,840 ","$1,720 "
,Acadia Parish,"$155,870 ",$920 ,$860 
,Allen Parish,"$117,570 ",$690 ,$650 
,Ascension Parish,"$292,770 ","$1,720 ","$1,680 "
,Assumption Parish,"$149,820 ",$880 ,$830 
,Avoyelles Parish,"$127,540 ",$750 ,$710 
,Beauregard Parish,"$174,550 ","$1,030 ",$970 
,Bienville Parish,"$99,320 ",$580 ,$550 
,Bossier Parish,"$213,700 ","$1,260 ","$1,290 "
,Caddo Parish,"$172,270 ","$1,010 ","$1,040 "
,Calcasieu Parish,"$225,730 ","$1,330 ","$1,340 "
,Caldwell Parish,"$112,470 ",$660 ,$620 
,Cameron Parish,"$186,800 ","$1,100 ","$1,110 "
,Catahoula Parish,"$93,370 ",$550 ,$520 
,Claiborne Parish,"$87,430 ",$510 ,$480 
,Concordia Parish,"$108,650 ",$640 ,$600 
,De Soto Parish,"$152,260 ",$900 ,$920 
,East Baton Rouge Parish,"$264,950 ","$1,560 ","$1,520 "
,East Carroll Parish,"$92,740 ",$550 ,$510 
,East Feliciana Parish,"$223,530 ","$1,320 ","$1,280 "
,Evangeline Parish,"$125,740 ",$740 ,$700 
,Franklin Parish,"$124,360 ",$730 ,$690 
,Grant Parish,"$132,130 ",$780 ,$780 
,Iberia Parish,"$156,510 ",$920 ,$870 
,Iberville Parish,"$185,250 ","$1,090 ","$1,060 "
,Jackson Parish,"$113,960 ",$670 ,$630 
,Jefferson Parish,"$254,770 ","$1,500 ","$1,500 "
,Jefferson Davis Parish,"$153,850 ",$910 ,$850 
,Lafayette Parish,"$258,840 ","$1,520 ","$1,540 "
,Lafourche Parish,"$206,060 ","$1,210 ","$1,200 "
,LaSalle Parish,"$145,580 ",$860 ,$810 
,Lincoln Parish,"$207,440 ","$1,220 ","$1,150 "
,Livingston Parish,"$233,880 ","$1,380 ","$1,340 "
,Madison Parish,"$96,130 ",$570 ,$530 
,Morehouse Parish,"$115,340 ",$680 ,$640 
,Natchitoches Parish,"$172,950 ","$1,020 ",$960 
,Orleans Parish,"$301,280 ","$1,770 ","$1,770 "
,Ouachita Parish,"$214,690 ","$1,260 ","$1,180 "
,Plaquemines Parish,"$271,190 ","$1,600 ","$1,590 "
,Pointe Coupee Parish,"$182,530 ","$1,070 ","$1,050 "
,Rapides Parish,"$166,160 ",$980 ,$980 
,Red River Parish,"$109,500 ",$640 ,$610 
,Richland Parish,"$132,100 ",$780 ,$730 
,Sabine Parish,"$137,300 ",$810 ,$760 
,St. Bernard Parish,"$188,890 ","$1,110 ","$1,110 "
,St. Charles Parish,"$252,510 ","$1,490 ","$1,480 "
,St. Helena Parish,"$111,290 ",$660 ,$640 
,St. James Parish,"$209,880 ","$1,240 ","$1,160 "
,St. John the Baptist Parish,"$180,930 ","$1,060 ","$1,060 "
,St. Landry Parish,"$121,070 ",$710 ,$670 
,St. Martin Parish,"$159,920 ",$940 ,$950 
,St. Mary Parish,"$135,820 ",$800 ,$750 
,St. Tammany Parish,"$281,720 ","$1,660 ","$1,650 "
,Tangipahoa Parish,"$231,630 ","$1,360 ","$1,280 "
,Tensas Parish,"$85,200 ",$500 ,$470 
,Terrebonne Parish,"$195,610 ","$1,150 ","$1,130 "
,Union Parish,"$126,860 ",$750 ,$700 
,Vermilion Parish,"$169,450 ","$1,000 ",$940 
,Vernon Parish,"$152,260 ",$900 ,$840 
,Washington Parish,"$147,910 ",$870 ,$820 
,Webster Parish,"$112,050 ",$660 ,$620 
,West Baton Rouge Parish,"$236,290 ","$1,390 ","$1,360 "
,West Carroll Parish,"$103,560 ",$610 ,$570 
,West Feliciana Parish,"$275,310 ","$1,620 ","$1,580 "
,Winn Parish,"$108,870 ",$640 ,$600 
Maine,Androscoggin County,"$308,020 ","$1,810 ","$1,660 "
,Aroostook County,"$180,860 ","$1,060 ","$1,010 "
,Cumberland County,"$546,130 ","$3,210 ","$2,980 "
,Franklin County,"$206,980 ","$1,220 ","$1,150 "
,Hancock County,"$326,100 ","$1,920 ","$1,820 "
,Kennebec County,"$296,590 ","$1,750 ","$1,650 "
,Knox County,"$340,630 ","$2,000 ","$1,900 "
,Lincoln County,"$358,670 ","$2,110 ","$2,000 "
,Oxford County,"$225,250 ","$1,330 ","$1,260 "
,Penobscot County,"$266,700 ","$1,570 ","$1,470 "
,Piscataquis County,"$179,570 ","$1,060 ","$1,000 "
,Sagadahoc County,"$348,380 ","$2,050 ","$1,900 "
,Somerset County,"$181,790 ","$1,070 ","$1,010 "
,Waldo County,"$280,070 ","$1,650 ","$1,560 "
,Washington County,"$172,310 ","$1,010 ",$960 
,York County,"$490,430 ","$2,890 ","$2,680 "
,Anne Arundel County,"$513,610 ","$3,020 ","$2,870 "
,Baltimore County,"$385,710 ","$2,270 ","$2,150 "
,Calvert County,"$499,660 ","$2,940 ","$2,820 "
,Caroline County,"$318,400 ","$1,870 ","$1,680 "
,Carroll County,"$483,170 ","$2,840 ","$2,700 "
,Cecil County,"$366,930 ","$2,160 ","$1,980 "
,Charles County,"$432,740 ","$2,550 ","$2,450 "
,Dorchester County,"$294,910 ","$1,740 ","$1,560 "
,Frederick County,"$488,160 ","$2,870 ","$2,760 "
,Garrett County,"$253,650 ","$1,490 ","$1,340 "
,Harford County,"$433,100 ","$2,550 ","$2,420 "
,Howard County,"$672,850 ","$3,960 ","$3,750 "
,Kent County,"$358,960 ","$2,110 ","$1,900 "
,Montgomery County,"$671,490 ","$3,950 ","$3,790 "
,Prince George's County,"$445,730 ","$2,620 ","$2,520 "
,Queen Anne's County,"$492,650 ","$2,900 ","$2,750 "
,St. Mary's County,"$472,110 ","$2,780 ","$2,500 "
,Somerset County,"$197,670 ","$1,160 ","$1,050 "
,Talbot County,"$465,560 ","$2,740 ","$2,460 "
,Washington County,"$331,560 ","$1,950 ","$1,860 "
,Wicomico County,"$309,550 ","$1,820 ","$1,650 "
,Worcester County,"$406,890 ","$2,390 ","$2,150 "
,Baltimore city,"$269,740 ","$1,590 ","$1,500 "
Massachusetts,Barnstable County,"$700,770 ","$4,120 ","$3,980 "
,Bristol County,"$545,040 ","$3,210 ","$2,960 "
,Dukes County,"$1,354,050 ","$7,970 ","$7,430 "
,Essex County,"$713,790 ","$4,200 ","$3,940 "
,Hampden County,"$341,690 ","$2,010 ","$1,860 "
,Middlesex County,"$818,220 ","$4,820 ","$4,510 "
,Nantucket County,"$1,700,990 ","$10,010 ","$9,330 "
,Norfolk County,"$784,400 ","$4,620 ","$4,330 "
,Plymouth County,"$649,580 ","$3,820 ","$3,580 "
,Suffolk County,"$781,430 ","$4,600 ","$4,310 "
,Worcester County,"$498,130 ","$2,930 ","$2,750 "
,Alcona County,"$185,980 ","$1,090 ","$1,000 "
,Alger County,"$195,660 ","$1,150 ","$1,050 "
,Allegan County,"$312,680 ","$1,840 ","$1,680 "
,Alpena County,"$162,720 ",$960 ,$880 
,Antrim County,"$262,730 ","$1,550 ","$1,410 "
,Arenac County,"$152,330 ",$900 ,$820 
,Baraga County,"$146,890 ",$860 ,$790 
,Barry County,"$283,770 ","$1,670 ","$1,570 "
,Bay County,"$177,210 ","$1,040 ",$990 
,Benzie County,"$300,400 ","$1,770 ","$1,620 "
,Berrien County,"$277,720 ","$1,630 ","$1,540 "
,Branch County,"$174,170 ","$1,030 ",$940 
,Calhoun County,"$182,880 ","$1,080 ","$1,000 "
,Cass County,"$231,230 ","$1,360 ","$1,250 "
,Charlevoix County,"$286,700 ","$1,690 ","$1,540 "
,Cheboygan County,"$206,880 ","$1,220 ","$1,110 "
,Chippewa County,"$180,780 ","$1,060 ",$970 
,Clare County,"$138,630 ",$820 ,$750 
,Clinton County,"$326,590 ","$1,920 ","$1,780 "
,Crawford County,"$177,000 ","$1,040 ",$950 
,Delta County,"$173,340 ","$1,020 ",$930 
,Dickinson County,"$153,860 ",$910 ,$830 
,Eaton County,"$267,180 ","$1,570 ","$1,450 "
,Emmet County,"$325,080 ","$1,910 ","$1,750 "
,Genesee County,"$207,940 ","$1,220 ","$1,140 "
,Gladwin County,"$180,900 ","$1,060 ",$970 
,Gogebic County,"$117,730 ",$690 ,$630 
,Grand Traverse County,"$405,260 ","$2,390 ","$2,180 "
,Gratiot County,"$161,540 ",$950 ,$870 
,Hillsdale County,"$201,330 ","$1,180 ","$1,080 "
,Houghton County,"$165,670 ",$980 ,$890 
,Huron County,"$166,850 ",$980 ,$900 
,Ingham County,"$225,480 ","$1,330 ","$1,230 "
,Ionia County,"$257,920 ","$1,520 ","$1,420 "
,Iosco County,"$145,120 ",$850 ,$780 
,Iron County,"$119,850 ",$710 ,$640 
,Isabella County,"$194,950 ","$1,150 ","$1,050 "
,Jackson County,"$234,880 ","$1,380 ","$1,310 "
,Kalamazoo County,"$287,230 ","$1,690 ","$1,610 "
,Kalkaska County,"$205,820 ","$1,210 ","$1,110 "
,Kent County,"$346,300 ","$2,040 ","$1,910 "
,Keweenaw County,"$214,200 ","$1,260 ","$1,150 "
,Lake County,"$145,120 ",$850 ,$780 
,Lapeer County,"$270,280 ","$1,590 ","$1,460 "
,Leelanau County,"$480,480 ","$2,830 ","$2,580 "
,Lenawee County,"$234,040 ","$1,380 ","$1,260 "
,Livingston County,"$401,730 ","$2,360 ","$2,170 "
,Luce County,"$130,360 ",$770 ,$700 
,Mackinac County,"$195,540 ","$1,150 ","$1,050 "
,Macomb County,"$284,840 ","$1,680 ","$1,540 "
,Manistee County,"$196,720 ","$1,160 ","$1,060 "
,Marquette County,"$268,990 ","$1,580 ","$1,450 "
,Mason County,"$235,340 ","$1,390 ","$1,270 "
,Mecosta County,"$200,620 ","$1,180 ","$1,080 "
,Menominee County,"$168,500 ",$990 ,$910 
,Midland County,"$231,320 ","$1,360 ","$1,240 "
,Missaukee County,"$193,300 ","$1,140 ","$1,040 "
,Monroe County,"$278,870 ","$1,640 ","$1,500 "
,Montcalm County,"$236,750 ","$1,390 ","$1,270 "
,Montmorency County,"$167,680 ",$990 ,$900 
,Muskegon County,"$257,360 ","$1,510 ","$1,380 "
,Newaygo County,"$207,620 ","$1,220 ","$1,150 "
,Oakland County,"$390,410 ","$2,300 ","$2,110 "
,Oceana County,"$197,910 ","$1,160 ","$1,060 "
,Ogemaw County,"$163,660 ",$960 ,$880 
,Ontonagon County,"$119,260 ",$700 ,$640 
,Osceola County,"$164,840 ",$970 ,$890 
,Oscoda County,"$148,780 ",$880 ,$800 
,Otsego County,"$232,030 ","$1,370 ","$1,250 "
,Presque Isle County,"$159,650 ",$940 ,$860 
,Roscommon County,"$174,760 ","$1,030 ",$940 
,Saginaw County,"$169,340 ","$1,000 ",$930 
,St. Clair County,"$268,320 ","$1,580 ","$1,450 "
,St. Joseph County,"$197,910 ","$1,160 ","$1,060 "
,Sanilac County,"$191,530 ","$1,130 ","$1,030 "
,Schoolcraft County,"$145,830 ",$860 ,$780 
,Shiawassee County,"$215,620 ","$1,270 ","$1,160 "
,Tuscola County,"$161,650 ",$950 ,$870 
,Van Buren County,"$243,780 ","$1,430 ","$1,370 "
,Washtenaw County,"$416,630 ","$2,450 ","$2,300 "
,Wayne County,"$204,790 ","$1,210 ","$1,110 "
,Wexford County,"$189,290 ","$1,110 ","$1,020 "
,Aitkin County,"$259,170 ","$1,530 ","$1,460 "
,Anoka County,"$377,010 ","$2,220 ","$2,120 "
,Becker County,"$294,220 ","$1,730 ","$1,660 "
,Beltrami County,"$245,060 ","$1,440 ","$1,380 "
,Benton County,"$277,400 ","$1,630 ","$1,540 "
,Big Stone County,"$149,590 ",$880 ,$850 
,Blue Earth County,"$306,840 ","$1,810 ","$1,690 "
,Brown County,"$200,300 ","$1,180 ","$1,130 "
,Carlton County,"$263,230 ","$1,550 ","$1,470 "
,Carver County,"$492,790 ","$2,900 ","$2,780 "
,Cass County,"$289,150 ","$1,700 ","$1,630 "
,Chippewa County,"$164,250 ",$970 ,$930 
,Chisago County,"$352,410 ","$2,070 ","$1,990 "
,Clay County,"$286,120 ","$1,680 ","$1,610 "
,Clearwater County,"$195,230 ","$1,150 ","$1,100 "
,Cook County,"$324,100 ","$1,910 ","$1,830 "
,Cottonwood County,"$169,770 ","$1,000 ",$960 
,Crow Wing County,"$366,430 ","$2,160 ","$2,070 "
,Dakota County,"$413,910 ","$2,440 ","$2,330 "
,Dodge County,"$303,920 ","$1,790 ","$1,690 "
,Douglas County,"$321,560 ","$1,890 ","$1,820 "
,Faribault County,"$132,510 ",$780 ,$750 
,Fillmore County,"$224,880 ","$1,320 ","$1,270 "
,Freeborn County,"$181,780 ","$1,070 ","$1,030 "
,Goodhue County,"$296,980 ","$1,750 ","$1,680 "
,Grant County,"$196,880 ","$1,160 ","$1,110 "
,Hennepin County,"$417,150 ","$2,460 ","$2,350 "
,Houston County,"$259,260 ","$1,530 ","$1,470 "
,Hubbard County,"$282,100 ","$1,660 ","$1,590 "
,Isanti County,"$305,580 ","$1,800 ","$1,720 "
,Itasca County,"$233,700 ","$1,380 ","$1,320 "
,Jackson County,"$160,290 ",$940 ,$910 
,Kanabec County,"$243,740 ","$1,430 ","$1,380 "
,Kandiyohi County,"$254,100 ","$1,500 ","$1,440 "
,Kittson County,"$148,160 ",$870 ,$840 
,Koochiching County,"$158,410 ",$930 ,$900 
,Lac qui Parle County,"$158,080 ",$930 ,$890 
,Lake County,"$245,720 ","$1,450 ","$1,390 "
,Lake of the Woods County,"$237,010 ","$1,390 ","$1,340 "
,Le Sueur County,"$317,150 ","$1,870 ","$1,790 "
,Lincoln County,"$167,780 ",$990 ,$950 
,Lyon County,"$212,870 ","$1,250 ","$1,200 "
,McLeod County,"$257,290 ","$1,510 ","$1,450 "
,Mahnomen County,"$161,500 ",$950 ,$910 
,Marshall County,"$168,990 ",$990 ,$950 
,Martin County,"$175,060 ","$1,030 ",$990 
,Meeker County,"$252,330 ","$1,490 ","$1,430 "
,Mille Lacs County,"$261,810 ","$1,540 ","$1,480 "
,Morrison County,"$261,260 ","$1,540 ","$1,480 "
,Mower County,"$189,610 ","$1,120 ","$1,070 "
,Murray County,"$197,770 ","$1,160 ","$1,120 "
,Nicollet County,"$287,070 ","$1,690 ","$1,590 "
,Nobles County,"$197,550 ","$1,160 ","$1,120 "
,Norman County,"$149,590 ",$880 ,$850 
,Olmsted County,"$380,620 ","$2,240 ","$2,120 "
,Otter Tail County,"$278,350 ","$1,640 ","$1,570 "
,Pennington County,"$208,240 ","$1,230 ","$1,180 "
,Pine County,"$248,700 ","$1,460 ","$1,410 "
,Pipestone County,"$139,670 ",$820 ,$790 
,Polk County,"$242,540 ","$1,430 ","$1,330 "
,Pope County,"$267,660 ","$1,580 ","$1,510 "
,Ramsey County,"$344,850 ","$2,030 ","$1,940 "
,Red Lake County,"$173,290 ","$1,020 ",$980 
,Redwood County,"$165,800 ",$980 ,$940 
,Renville County,"$167,450 ",$990 ,$950 
,Rice County,"$333,030 ","$1,960 ","$1,880 "
,Rock County,"$222,240 ","$1,310 ","$1,260 "
,Roseau County,"$195,230 ","$1,150 ","$1,100 "
,St. Louis County,"$268,560 ","$1,580 ","$1,490 "
,Scott County,"$425,890 ","$2,510 ","$2,400 "
,Sherburne County,"$395,240 ","$2,330 ","$2,230 "
,Sibley County,"$237,010 ","$1,390 ","$1,340 "
,Stearns County,"$323,870 ","$1,910 ","$1,800 "
,Steele County,"$258,180 ","$1,520 ","$1,460 "
,Stevens County,"$199,310 ","$1,170 ","$1,130 "
,Swift County,"$162,160 ",$950 ,$920 
,Todd County,"$207,690 ","$1,220 ","$1,170 "
,Traverse County,"$121,370 ",$710 ,$690 
,Wabasha County,"$279,270 ","$1,640 ","$1,550 "
,Wadena County,"$187,960 ","$1,110 ","$1,060 "
,Waseca County,"$235,030 ","$1,380 ","$1,330 "
,Washington County,"$447,900 ","$2,640 ","$2,520 "
,Watonwan County,"$167,120 ",$980 ,$940 
,Wilkin County,"$189,940 ","$1,120 ","$1,070 "
,Winona County,"$245,720 ","$1,450 ","$1,390 "
,Wright County,"$383,270 ","$2,260 ","$2,160 "
,Yellow Medicine County,"$163,370 ",$960 ,$920 
,Adams County,"$119,270 ",$700 ,$650 
,Alcorn County,"$148,450 ",$870 ,$810 
,Amite County,"$100,760 ",$590 ,$550 
,Attala County,"$120,730 ",$710 ,$660 
,Benton County,"$122,640 ",$720 ,$670 
,Bolivar County,"$138,680 ",$820 ,$760 
,Calhoun County,"$93,020 ",$550 ,$510 
,Carroll County,"$118,380 ",$700 ,$650 
,Chickasaw County,"$112,650 ",$660 ,$620 
,Choctaw County,"$117,250 ",$690 ,$640 
,Claiborne County,"$90,660 ",$530 ,$500 
,Clarke County,"$128,250 ",$750 ,$700 
,Clay County,"$129,710 ",$760 ,$710 
,Coahoma County,"$96,940 ",$570 ,$530 
,Copiah County,"$111,370 ",$660 ,$630 
,Covington County,"$110,520 ",$650 ,$610 
,DeSoto County,"$286,360 ","$1,690 ","$1,640 "
,Forrest County,"$204,970 ","$1,210 ","$1,050 "
,Franklin County,"$106,710 ",$630 ,$580 
,Greene County,"$105,700 ",$620 ,$580 
,Grenada County,"$138,460 ",$810 ,$760 
,Hancock County,"$234,230 ","$1,380 ","$1,290 "
,Harrison County,"$242,510 ","$1,430 ","$1,330 "
,Hinds County,"$173,170 ","$1,020 ",$980 
,Holmes County,"$85,840 ",$510 ,$470 
,Humphreys County,"$99,640 ",$590 ,$550 
,Issaquena County,"$101,770 ",$600 ,$560 
,Itawamba County,"$137,340 ",$810 ,$750 
,Jasper County,"$133,070 ",$780 ,$730 
,Jefferson County,"$91,330 ",$540 ,$500 
,Jefferson Davis County,"$97,730 ",$580 ,$540 
,Jones County,"$179,530 ","$1,060 ",$980 
,Kemper County,"$101,210 ",$600 ,$550 
,Lafayette County,"$292,290 ","$1,720 ","$1,600 "
,Lamar County,"$280,830 ","$1,650 ","$1,440 "
,Lauderdale County,"$163,370 ",$960 ,$900 
,Lawrence County,"$117,370 ",$690 ,$640 
,Leake County,"$128,590 ",$760 ,$700 
,Lee County,"$220,150 ","$1,300 ","$1,210 "
,Leflore County,"$110,180 ",$650 ,$600 
,Lincoln County,"$147,890 ",$870 ,$810 
,Lowndes County,"$176,610 ","$1,040 ",$970 
,Madison County,"$360,160 ","$2,120 ","$2,040 "
,Marion County,"$131,280 ",$770 ,$720 
,Marshall County,"$179,050 ","$1,050 ","$1,020 "
,Monroe County,"$129,260 ",$760 ,$710 
,Montgomery County,"$124,210 ",$730 ,$680 
,Neshoba County,"$108,390 ",$640 ,$590 
,Newton County,"$115,230 ",$680 ,$630 
,Noxubee County,"$95,600 ",$560 ,$520 
,Oktibbeha County,"$246,290 ","$1,450 ","$1,350 "
,Panola County,"$136,330 ",$800 ,$750 
,Pearl River County,"$195,800 ","$1,150 ","$1,070 "
,Perry County,"$152,450 ",$900 ,$780 
,Pike County,"$123,990 ",$730 ,$680 
,Pontotoc County,"$158,990 ",$940 ,$870 
,Prentiss County,"$130,720 ",$770 ,$720 
,Quitman County,"$76,970 ",$450 ,$420 
,Rankin County,"$253,540 ","$1,490 ","$1,440 "
,Scott County,"$100,870 ",$590 ,$550 
,Sharkey County,"$121,180 ",$710 ,$660 
,Simpson County,"$117,700 ",$690 ,$670 
,Smith County,"$127,910 ",$750 ,$700 
,Stone County,"$185,140 ","$1,090 ","$1,020 "
,Sunflower County,"$116,020 ",$680 ,$640 
,Tallahatchie County,"$92,230 ",$540 ,$510 
,Tate County,"$179,880 ","$1,060 ","$1,030 "
,Tippah County,"$144,070 ",$850 ,$790 
,Tishomingo County,"$148,670 ",$870 ,$810 
,Tunica County,"$160,650 ",$950 ,$920 
,Union County,"$178,520 ","$1,050 ",$980 
,Walthall County,"$135,320 ",$800 ,$740 
,Warren County,"$162,020 ",$950 ,$890 
,Washington County,"$111,420 ",$660 ,$610 
,Wayne County,"$98,740 ",$580 ,$540 
,Webster County,"$122,860 ",$720 ,$670 
,Wilkinson County,"$89,990 ",$530 ,$490 
,Winston County,"$135,990 ",$800 ,$750 
,Yalobusha County,"$109,060 ",$640 ,$600 
,Yazoo County,"$144,970 ",$850 ,$790 
,Adair County,"$182,920 ","$1,080 ",$980 
,Andrew County,"$242,450 ","$1,430 ","$1,300 "
,Atchison County,"$115,370 ",$680 ,$620 
,Audrain County,"$139,450 ",$820 ,$750 
,Barry County,"$198,280 ","$1,170 ","$1,060 "
,Barton County,"$155,970 ",$920 ,$830 
,Bates County,"$173,660 ","$1,020 ",$970 
,Benton County,"$188,880 ","$1,110 ","$1,010 "
,Bollinger County,"$154,090 ",$910 ,$840 
,Boone County,"$319,030 ","$1,880 ","$1,700 "
,Buchanan County,"$205,750 ","$1,210 ","$1,100 "
,Butler County,"$159,180 ",$940 ,$850 
,Caldwell County,"$175,790 ","$1,030 ",$980 
,Callaway County,"$222,490 ","$1,310 ","$1,280 "
,Camden County,"$310,440 ","$1,830 ","$1,660 "
,Cape Girardeau County,"$241,640 ","$1,420 ","$1,320 "
,Carroll County,"$126,720 ",$750 ,$680 
,Carter County,"$169,270 ","$1,000 ",$910 
,Cass County,"$330,270 ","$1,940 ","$1,840 "
,Cedar County,"$186,360 ","$1,100 ","$1,000 "
,Chariton County,"$136,360 ",$800 ,$730 
,Christian County,"$358,130 ","$2,110 ","$1,960 "
,Clark County,"$134,870 ",$790 ,$720 
,Clay County,"$317,710 ","$1,870 ","$1,770 "
,Clinton County,"$229,190 ","$1,350 ","$1,280 "
,Cole County,"$259,340 ","$1,530 ","$1,500 "
,Cooper County,"$226,040 ","$1,330 ","$1,210 "
,Crawford County,"$189,450 ","$1,110 ","$1,040 "
,Dade County,"$180,280 ","$1,060 ",$960 
,Dallas County,"$174,230 ","$1,030 ",$950 
,Daviess County,"$171,100 ","$1,010 ",$920 
,DeKalb County,"$206,990 ","$1,220 ","$1,110 "
,Dent County,"$171,680 ","$1,010 ",$920 
,Douglas County,"$188,540 ","$1,110 ","$1,010 "
,Dunklin County,"$107,570 ",$630 ,$580 
,Franklin County,"$262,380 ","$1,540 ","$1,430 "
,Gasconade County,"$193,700 ","$1,140 ","$1,040 "
,Gentry County,"$141,060 ",$830 ,$750 
,Greene County,"$266,640 ","$1,570 ","$1,460 "
,Grundy County,"$122,710 ",$720 ,$660 
,Harrison County,"$123,170 ",$720 ,$660 
,Henry County,"$176,040 ","$1,040 ",$940 
,Hickory County,"$141,290 ",$830 ,$760 
,Holt County,"$140,260 ",$830 ,$750 
,Howard County,"$170,170 ","$1,000 ",$910 
,Howell County,"$184,640 ","$1,090 ",$990 
,Iron County,"$129,590 ",$760 ,$690 
,Jackson County,"$255,890 ","$1,510 ","$1,430 "
,Jasper County,"$219,230 ","$1,290 ","$1,210 "
,Jefferson County,"$268,310 ","$1,580 ","$1,470 "
,Johnson County,"$253,910 ","$1,490 ","$1,360 "
,Knox County,"$111,470 ",$660 ,$600 
,Laclede County,"$181,200 ","$1,070 ",$970 
,Lafayette County,"$224,710 ","$1,320 ","$1,250 "
,Lawrence County,"$183,260 ","$1,080 ",$980 
,Lewis County,"$136,360 ",$800 ,$730 
,Lincoln County,"$256,550 ","$1,510 ","$1,400 "
,Linn County,"$134,520 ",$790 ,$720 
,Livingston County,"$158,600 ",$930 ,$850 
,McDonald County,"$148,280 ",$870 ,$820 
,Macon County,"$145,650 ",$860 ,$780 
,Madison County,"$178,790 ","$1,050 ",$960 
,Maries County,"$221,450 ","$1,300 ","$1,180 "
,Marion County,"$181,310 ","$1,070 ",$970 
,Mercer County,"$109,290 ",$640 ,$580 
,Miller County,"$194,730 ","$1,150 ","$1,040 "
,Mississippi County,"$115,030 ",$680 ,$620 
,Moniteau County,"$190,850 ","$1,120 ","$1,100 "
,Monroe County,"$169,040 ",$990 ,$900 
,Montgomery County,"$196,450 ","$1,160 ","$1,050 "
,Morgan County,"$206,890 ","$1,220 ","$1,110 "
,New Madrid County,"$120,990 ",$710 ,$650 
,Newton County,"$217,000 ","$1,280 ","$1,200 "
,Nodaway County,"$189,340 ","$1,110 ","$1,010 "
,Oregon County,"$134,980 ",$790 ,$720 
,Osage County,"$233,260 ","$1,370 ","$1,350 "
,Ozark County,"$179,360 ","$1,060 ",$960 
,Pemiscot County,"$109,980 ",$650 ,$590 
,Perry County,"$217,210 ","$1,280 ","$1,160 "
,Pettis County,"$185,210 ","$1,090 ",$990 
,Phelps County,"$223,510 ","$1,320 ","$1,200 "
,Pike County,"$148,400 ",$870 ,$790 
,Platte County,"$399,940 ","$2,350 ","$2,230 "
,Polk County,"$218,470 ","$1,290 ","$1,200 "
,Pulaski County,"$217,550 ","$1,280 ","$1,160 "
,Putnam County,"$127,980 ",$750 ,$680 
,Ralls County,"$175,920 ","$1,040 ",$940 
,Randolph County,"$162,730 ",$960 ,$870 
,Ray County,"$210,240 ","$1,240 ","$1,170 "
,Reynolds County,"$137,500 ",$810 ,$740 
,Ripley County,"$127,070 ",$750 ,$680 
,St. Charles County,"$371,590 ","$2,190 ","$2,030 "
,St. Clair County,"$163,420 ",$960 ,$870 
,Ste. Genevieve County,"$247,250 ","$1,460 ","$1,320 "
,St. Francois County,"$207,690 ","$1,220 ","$1,110 "
,St. Louis County,"$310,880 ","$1,830 ","$1,700 "
,Saline County,"$160,100 ",$940 ,$860 
,Schuyler County,"$135,550 ",$800 ,$720 
,Scotland County,"$161,820 ",$950 ,$870 
,Scott County,"$164,800 ",$970 ,$880 
,Shannon County,"$173,170 ","$1,020 ",$930 
,Shelby County,"$98,860 ",$580 ,$530 
,Stoddard County,"$155,280 ",$910 ,$830 
,Stone County,"$271,220 ","$1,600 ","$1,450 "
,Sullivan County,"$118,470 ",$700 ,$630 
,Taney County,"$233,720 ","$1,380 ","$1,250 "
,Texas County,"$141,400 ",$830 ,$760 
,Vernon County,"$156,770 ",$920 ,$840 
,Warren County,"$275,270 ","$1,620 ","$1,510 "
,Washington County,"$135,120 ",$800 ,$740 
,Wayne County,"$129,700 ",$760 ,$690 
,Webster County,"$252,470 ","$1,490 ","$1,380 "
,Worth County,"$108,490 ",$640 ,$580 
,Wright County,"$174,660 ","$1,030 ",$930 
,St. Louis city,"$220,030 ","$1,290 ","$1,200 "
,Beaverhead County,"$319,170 ","$1,880 ","$1,730 "
,Big Horn County,"$167,730 ",$990 ,$910 
,Blaine County,"$141,360 ",$830 ,$770 
,Broadwater County,"$412,880 ","$2,430 ","$2,240 "
,Carbon County,"$406,880 ","$2,390 ","$2,320 "
,Carter County,"$199,880 ","$1,180 ","$1,080 "
,Cascade County,"$340,990 ","$2,010 ","$1,870 "
,Chouteau County,"$209,500 ","$1,230 ","$1,130 "
,Custer County,"$231,120 ","$1,360 ","$1,250 "
,Daniels County,"$201,240 ","$1,180 ","$1,090 "
,Dawson County,"$212,100 ","$1,250 ","$1,150 "
,Deer Lodge County,"$237,340 ","$1,400 ","$1,290 "
,Fallon County,"$268,240 ","$1,580 ","$1,450 "
Montana,Fergus County,"$229,420 ","$1,350 ","$1,240 "
,Flathead County,"$646,040 ","$3,800 ","$3,500 "
,Gallatin County,"$782,310 ","$4,600 ","$4,240 "
,Garfield County,"$201,800 ","$1,190 ","$1,090 "
,Glacier County,"$173,620 ","$1,020 ",$940 
,Golden Valley County,"$230,780 ","$1,360 ","$1,250 "
,Granite County,"$384,250 ","$2,260 ","$2,080 "
,Hill County,"$212,330 ","$1,250 ","$1,150 "
,Jefferson County,"$461,780 ","$2,720 ","$2,500 "
,Judith Basin County,"$242,430 ","$1,430 ","$1,310 "
,Lake County,"$417,860 ","$2,460 ","$2,260 "
,Lewis and Clark County,"$429,520 ","$2,530 ","$2,330 "
,Liberty County,"$132,200 ",$780 ,$720 
,Lincoln County,"$292,800 ","$1,720 ","$1,590 "
,McCone County,"$223,420 ","$1,310 ","$1,210 "
,Madison County,"$498,560 ","$2,930 ","$2,700 "
,Meagher County,"$276,610 ","$1,630 ","$1,500 "
,Mineral County,"$354,940 ","$2,090 ","$1,920 "
,Missoula County,"$542,770 ","$3,190 ","$3,070 "
,Musselshell County,"$250,360 ","$1,470 ","$1,360 "
,Park County,"$486,340 ","$2,860 ","$2,630 "
,Petroleum County,"$196,600 ","$1,160 ","$1,060 "
,Phillips County,"$198,070 ","$1,170 ","$1,070 "
,Pondera County,"$202,820 ","$1,190 ","$1,100 "
,Powder River County,"$169,090 ","$1,000 ",$920 
,Powell County,"$289,400 ","$1,700 ","$1,570 "
,Prairie County,"$189,130 ","$1,110 ","$1,020 "
,Ravalli County,"$492,340 ","$2,900 ","$2,670 "
,Richland County,"$293,140 ","$1,730 ","$1,590 "
,Roosevelt County,"$135,140 ",$800 ,$730 
,Rosebud County,"$213,800 ","$1,260 ","$1,160 "
,Sanders County,"$366,480 ","$2,160 ","$1,980 "
,Sheridan County,"$126,310 ",$740 ,$680 
,Silver Bow County,"$252,960 ","$1,490 ","$1,370 "
,Stillwater County,"$402,470 ","$2,370 ","$2,180 "
,Sweet Grass County,"$334,450 ","$1,970 ","$1,810 "
,Teton County,"$266,540 ","$1,570 ","$1,440 "
,Toole County,"$212,100 ","$1,250 ","$1,150 "
,Treasure County,"$243,680 ","$1,430 ","$1,320 "
,Valley County,"$224,780 ","$1,320 ","$1,220 "
,Wheatland County,"$195,460 ","$1,150 ","$1,060 "
,Wibaux County,"$104,470 ",$610 ,$570 
,Yellowstone County,"$384,780 ","$2,260 ","$2,200 "
,Adams County,"$210,350 ","$1,240 ","$1,180 "
,Antelope County,"$132,340 ",$780 ,$740 
,Arthur County,"$213,740 ","$1,260 ","$1,200 "
,Banner County,"$188,270 ","$1,110 ","$1,050 "
,Blaine County,"$115,590 ",$680 ,$650 
,Boone County,"$186,460 ","$1,100 ","$1,040 "
,Box Butte County,"$182,380 ","$1,070 ","$1,020 "
,Boyd County,"$117,740 ",$690 ,$660 
,Brown County,"$113,440 ",$670 ,$630 
,Buffalo County,"$268,080 ","$1,580 ","$1,500 "
,Burt County,"$141,970 ",$840 ,$790 
,Butler County,"$187,590 ","$1,100 ","$1,050 "
,Cass County,"$270,200 ","$1,590 ","$1,520 "
,Cedar County,"$198,680 ","$1,170 ","$1,110 "
,Chase County,"$202,310 ","$1,190 ","$1,130 "
,Cherry County,"$153,970 ",$910 ,$860 
,Cheyenne County,"$146,150 ",$860 ,$820 
,Clay County,"$165,630 ",$970 ,$930 
,Colfax County,"$145,820 ",$860 ,$820 
,Cuming County,"$198,010 ","$1,170 ","$1,110 "
,Custer County,"$181,700 ","$1,070 ","$1,020 "
,Dakota County,"$188,330 ","$1,110 ","$1,020 "
,Dawes County,"$165,850 ",$980 ,$930 
,Dawson County,"$178,650 ","$1,050 ","$1,000 "
,Deuel County,"$110,040 ",$650 ,$620 
,Dixon County,"$158,420 ",$930 ,$860 
,Dodge County,"$212,950 ","$1,250 ","$1,190 "
,Douglas County,"$300,260 ","$1,770 ","$1,690 "
,Dundy County,"$133,810 ",$790 ,$750 
,Fillmore County,"$148,530 ",$870 ,$830 
,Franklin County,"$112,190 ",$660 ,$630 
,Frontier County,"$157,140 ",$920 ,$880 
,Furnas County,"$103,930 ",$610 ,$580 
,Gage County,"$189,170 ","$1,110 ","$1,060 "
,Garden County,"$108,120 ",$640 ,$600 
,Garfield County,"$164,040 ",$970 ,$920 
,Gosper County,"$229,480 ","$1,350 ","$1,280 "
,Grant County,"$128,950 ",$760 ,$720 
,Greeley County,"$99,400 ",$580 ,$560 
,Hall County,"$235,360 ","$1,390 ","$1,320 "
,Hamilton County,"$270,230 ","$1,590 ","$1,510 "
,Harlan County,"$166,650 ",$980 ,$930 
,Hayes County,"$127,700 ",$750 ,$710 
,Hitchcock County,"$100,530 ",$590 ,$560 
,Holt County,"$172,080 ","$1,010 ",$960 
,Hooker County,"$96,680 ",$570 ,$540 
,Howard County,"$232,310 ","$1,370 ","$1,300 "
,Jefferson County,"$133,140 ",$780 ,$740 
,Johnson County,"$148,870 ",$880 ,$830 
,Kearney County,"$247,140 ","$1,450 ","$1,380 "
,Keith County,"$177,740 ","$1,050 ",$990 
,Keya Paha County,"$123,170 ",$720 ,$690 
,Kimball County,"$124,420 ",$730 ,$700 
,Knox County,"$132,340 ",$780 ,$740 
,Lancaster County,"$306,220 ","$1,800 ","$1,710 "
,Lincoln County,"$207,290 ","$1,220 ","$1,160 "
,Logan County,"$181,140 ","$1,070 ","$1,010 "
,Loup County,"$136,650 ",$800 ,$760 
,McPherson County,"$140,610 ",$830 ,$790 
,Madison County,"$221,890 ","$1,310 ","$1,240 "
,Merrick County,"$190,190 ","$1,120 ","$1,060 "
,Morrill County,"$126,800 ",$750 ,$710 
,Nance County,"$139,020 ",$820 ,$780 
,Nemaha County,"$141,630 ",$830 ,$790 
,Nuckolls County,"$102,910 ",$610 ,$580 
,Otoe County,"$209,440 ","$1,230 ","$1,170 "
,Pawnee County,"$84,680 ",$500 ,$470 
,Perkins County,"$168,910 ",$990 ,$940 
,Phelps County,"$196,190 ","$1,150 ","$1,100 "
,Pierce County,"$206,840 ","$1,220 ","$1,160 "
,Platte County,"$235,250 ","$1,380 ","$1,320 "
,Polk County,"$201,290 ","$1,180 ","$1,130 "
,Red Willow County,"$162,460 ",$960 ,$910 
,Richardson County,"$109,250 ",$640 ,$610 
,Rock County,"$140,830 ",$830 ,$790 
,Saline County,"$204,570 ","$1,200 ","$1,140 "
,Sarpy County,"$352,390 ","$2,070 ","$1,990 "
,Saunders County,"$263,530 ","$1,550 ","$1,480 "
,Scotts Bluff County,"$182,720 ","$1,080 ","$1,020 "
,Seward County,"$256,270 ","$1,510 ","$1,430 "
,Sheridan County,"$116,490 ",$690 ,$650 
,Sherman County,"$152,830 ",$900 ,$850 
,Sioux County,"$160,420 ",$940 ,$900 
,Stanton County,"$208,650 ","$1,230 ","$1,170 "
,Thayer County,"$120,230 ",$710 ,$670 
,Thomas County,"$127,930 ",$750 ,$720 
,Thurston County,"$118,980 ",$700 ,$670 
,Valley County,"$138,340 ",$810 ,$770 
,Washington County,"$304,190 ","$1,790 ","$1,710 "
,Wayne County,"$230,610 ","$1,360 ","$1,290 "
,Webster County,"$115,470 ",$680 ,$650 
,Wheeler County,"$153,850 ",$910 ,$860 
,York County,"$199,140 ","$1,170 ","$1,110 "
Nevada,Churchill County,"$329,700 ","$1,940 ","$1,840 "
,Clark County,"$495,460 ","$2,920 ","$2,710 "
,Douglas County,"$649,880 ","$3,820 ","$3,630 "
,Elko County,"$312,440 ","$1,840 ","$1,750 "
,Esmeralda County,"$113,400 ",$670 ,$630 
,Humboldt County,"$284,120 ","$1,670 ","$1,590 "
,Lander County,"$232,890 ","$1,370 ","$1,300 "
,Lincoln County,"$231,120 ","$1,360 ","$1,290 "
,Lyon County,"$379,040 ","$2,230 ","$2,120 "
,Mineral County,"$193,610 ","$1,140 ","$1,080 "
,Nye County,"$294,290 ","$1,730 ","$1,640 "
,Pershing County,"$183,880 ","$1,080 ","$1,030 "
,Storey County,"$427,110 ","$2,510 ","$2,420 "
,Washoe County,"$592,270 ","$3,490 ","$3,350 "
,White Pine County,"$217,620 ","$1,280 ","$1,220 "
,Carson City,"$439,460 ","$2,590 ","$2,600 "
New Hampshire,Belknap County,"$481,640 ","$2,830 ","$2,600 "
,Carroll County,"$407,970 ","$2,400 ","$2,200 "
,Cheshire County,"$383,770 ","$2,260 ","$2,070 "
,Coos County,"$198,310 ","$1,170 ","$1,070 "
,Grafton County,"$414,870 ","$2,440 ","$2,240 "
,Hillsborough County,"$495,000 ","$2,910 ","$2,710 "
,Merrimack County,"$435,210 ","$2,560 ","$2,350 "
,Rockingham County,"$592,560 ","$3,490 ","$3,270 "
,Strafford County,"$433,960 ","$2,550 ","$2,390 "
,Sullivan County,"$276,310 ","$1,630 ","$1,490 "
New Jersey,Atlantic County,"$365,530 ","$2,150 ","$2,030 "
,Bergen County,"$714,790 ","$4,210 ","$3,870 "
,Burlington County,"$401,110 ","$2,360 ","$2,170 "
,Camden County,"$330,410 ","$1,940 ","$1,790 "
,Cumberland County,"$274,690 ","$1,620 ","$1,420 "
,Essex County,"$607,330 ","$3,570 ","$3,290 "
,Gloucester County,"$356,180 ","$2,100 ","$1,930 "
,Hudson County,"$617,900 ","$3,640 ","$3,350 "
,Hunterdon County,"$587,810 ","$3,460 ","$3,180 "
,Mercer County,"$481,930 ","$2,840 ","$2,620 "
,Middlesex County,"$552,030 ","$3,250 ","$2,990 "
,Monmouth County,"$729,540 ","$4,290 ","$3,950 "
,Morris County,"$671,110 ","$3,950 ","$3,630 "
,Ocean County,"$473,970 ","$2,790 ","$2,570 "
,Passaic County,"$541,000 ","$3,180 ","$2,930 "
,Salem County,"$279,540 ","$1,650 ","$1,510 "
,Somerset County,"$646,600 ","$3,810 ","$3,500 "
,Sussex County,"$426,920 ","$2,510 ","$2,310 "
,Union County,"$606,980 ","$3,570 ","$3,290 "
,Warren County,"$411,320 ","$2,420 ","$2,250 "
New Mexico,Bernalillo County,"$338,630 ","$1,990 ","$1,880 "
,Catron County,"$194,880 ","$1,150 ","$1,090 "
,Chaves County,"$160,970 ",$950 ,$900 
,Cibola County,"$136,120 ",$800 ,$760 
,Colfax County,"$182,630 ","$1,070 ","$1,020 "
,Curry County,"$182,410 ","$1,070 ","$1,020 "
,De Baca County,"$179,230 ","$1,050 ","$1,000 "
,Doña Ana County,"$245,810 ","$1,450 ","$1,410 "
,Eddy County,"$226,190 ","$1,330 ","$1,270 "
,Grant County,"$186,490 ","$1,100 ","$1,040 "
,Guadalupe County,"$121,600 ",$720 ,$680 
,Harding County,"$98,120 ",$580 ,$550 
,Hidalgo County,"$129,320 ",$760 ,$720 
,Lea County,"$223,700 ","$1,320 ","$1,250 "
,Lincoln County,"$240,710 ","$1,420 ","$1,350 "
,Los Alamos County,"$513,300 ","$3,020 ","$2,880 "
,Luna County,"$127,620 ",$750 ,$710 
,McKinley County,"$80,540 ",$470 ,$450 
,Mora County,"$136,010 ",$800 ,$760 
,Otero County,"$174,920 ","$1,030 ",$980 
,Quay County,"$93,240 ",$550 ,$520 
,Rio Arriba County,"$261,920 ","$1,540 ","$1,470 "
,Roosevelt County,"$154,270 ",$910 ,$860 
,Sandoval County,"$361,730 ","$2,130 ","$2,010 "
,San Juan County,"$249,130 ","$1,470 ","$1,270 "
,San Miguel County,"$201,460 ","$1,190 ","$1,130 "
,Santa Fe County,"$523,540 ","$3,080 ","$3,000 "
,Sierra County,"$164,260 ",$970 ,$920 
,Socorro County,"$162,440 ",$960 ,$910 
,Taos County,"$401,570 ","$2,360 ","$2,250 "
,Torrance County,"$161,950 ",$950 ,$900 
,Union County,"$154,160 ",$910 ,$860 
,Valencia County,"$259,720 ","$1,530 ","$1,440 "
,Albany County,"$350,390 ","$2,060 ","$1,870 "
,Allegany County,"$109,430 ",$640 ,$590 
,Bronx County,"$578,750 ","$3,410 ","$3,130 "
,Broome County,"$191,800 ","$1,130 ","$1,010 "
,Cattaraugus County,"$117,920 ",$690 ,$640 
,Cayuga County,"$180,740 ","$1,060 ",$970 
,Chautauqua County,"$139,270 ",$820 ,$750 
,Chemung County,"$148,630 ",$870 ,$930 
,Chenango County,"$143,180 ",$840 ,$770 
,Clinton County,"$193,370 ","$1,140 ","$1,040 "
,Columbia County,"$346,280 ","$2,040 ","$1,870 "
,Cortland County,"$176,720 ","$1,040 ",$950 
,Delaware County,"$196,950 ","$1,160 ","$1,060 "
,Dutchess County,"$461,440 ","$2,720 ","$2,510 "
,Erie County,"$278,850 ","$1,640 ","$1,520 "
,Essex County,"$223,550 ","$1,320 ","$1,200 "
,Franklin County,"$143,740 ",$850 ,$770 
,Fulton County,"$174,480 ","$1,030 ",$940 
,Genesee County,"$176,380 ","$1,040 ",$950 
,Greene County,"$277,540 ","$1,630 ","$1,500 "
,Hamilton County,"$270,500 ","$1,590 ","$1,460 "
,Herkimer County,"$160,270 ",$940 ,$860 
,Jefferson County,"$205,890 ","$1,210 ","$1,110 "
,Kings County,"$1,022,630 ","$6,020 ","$5,540 "
,Lewis County,"$176,610 ","$1,040 ",$950 
,Livingston County,"$203,970 ","$1,200 ","$1,110 "
,Madison County,"$214,570 ","$1,260 ","$1,150 "
,Monroe County,"$261,330 ","$1,540 ","$1,420 "
,Montgomery County,"$158,270 ",$930 ,$850 
,Nassau County,"$783,210 ","$4,610 ","$4,240 "
,New York County,"$1,174,240 ","$6,910 ","$6,360 "
,Niagara County,"$218,670 ","$1,290 ","$1,190 "
,Oneida County,"$223,540 ","$1,320 ","$1,200 "
,Onondaga County,"$240,470 ","$1,420 ","$1,290 "
,Ontario County,"$274,200 ","$1,610 ","$1,490 "
,Orange County,"$457,240 ","$2,690 ","$2,480 "
,Orleans County,"$151,770 ",$890 ,$830 
,Oswego County,"$182,370 ","$1,070 ",$980 
,Otsego County,"$196,610 ","$1,160 ","$1,060 "
,Putnam County,"$560,280 ","$3,300 ","$3,030 "
,Queens County,"$804,470 ","$4,730 ","$4,360 "
,Rensselaer County,"$309,850 ","$1,820 ","$1,660 "
,Richmond County,"$781,120 ","$4,600 ","$4,230 "
,Rockland County,"$697,590 ","$4,110 ","$3,780 "
,St. Lawrence County,"$145,530 ",$860 ,$780 
,Saratoga County,"$419,550 ","$2,470 ","$2,240 "
,Schenectady County,"$291,930 ","$1,720 ","$1,560 "
,Schoharie County,"$218,920 ","$1,290 ","$1,170 "
,Schuyler County,"$182,530 ","$1,070 ",$980 
,Seneca County,"$159,500 ",$940 ,$860 
,Steuben County,"$153,130 ",$900 ,$820 
,Suffolk County,"$679,360 ","$4,000 ","$3,680 "
,Sullivan County,"$306,040 ","$1,800 ","$1,650 "
,Tioga County,"$189,450 ","$1,110 ","$1,000 "
,Tompkins County,"$322,190 ","$1,900 ","$1,850 "
,Ulster County,"$443,160 ","$2,610 ","$2,450 "
,Warren County,"$322,520 ","$1,900 ","$1,680 "
,Washington County,"$224,900 ","$1,320 ","$1,170 "
,Wayne County,"$208,780 ","$1,230 ","$1,140 "
,Westchester County,"$750,100 ","$4,410 ","$4,060 "
,Wyoming County,"$172,920 ","$1,020 ",$930 
,Yates County,"$198,960 ","$1,170 ","$1,070 "
,Alamance County,"$307,580 ","$1,810 ","$1,730 "
,Alexander County,"$213,080 ","$1,250 ","$1,150 "
,Alleghany County,"$225,760 ","$1,330 ","$1,250 "
,Anson County,"$132,820 ",$780 ,$750 
,Ashe County,"$251,740 ","$1,480 ","$1,390 "
,Avery County,"$264,560 ","$1,560 ","$1,470 "
,Beaufort County,"$205,570 ","$1,210 ","$1,140 "
,Bertie County,"$108,680 ",$640 ,$600 
,Bladen County,"$142,720 ",$840 ,$790 
,Brunswick County,"$388,880 ","$2,290 ","$2,230 "
,Buncombe County,"$475,520 ","$2,800 ","$2,550 "
,Burke County,"$238,310 ","$1,400 ","$1,290 "
,Cabarrus County,"$416,830 ","$2,450 ","$2,340 "
,Caldwell County,"$230,350 ","$1,360 ","$1,240 "
,Camden County,"$328,770 ","$1,930 ","$1,820 "
,Carteret County,"$389,130 ","$2,290 ","$2,160 "
,Caswell County,"$171,530 ","$1,010 ",$950 
,Catawba County,"$288,330 ","$1,700 ","$1,560 "
,Chatham County,"$476,170 ","$2,800 ","$2,730 "
,Cherokee County,"$236,770 ","$1,390 ","$1,310 "
,Chowan County,"$231,890 ","$1,360 ","$1,280 "
,Clay County,"$298,710 ","$1,760 ","$1,660 "
,Cleveland County,"$259,000 ","$1,520 ","$1,440 "
,Columbus County,"$145,550 ",$860 ,$810 
,Craven County,"$260,360 ","$1,530 ","$1,440 "
,Cumberland County,"$247,620 ","$1,460 ","$1,320 "
,Currituck County,"$406,150 ","$2,390 ","$2,220 "
,Dare County,"$482,610 ","$2,840 ","$2,670 "
,Davidson County,"$263,310 ","$1,550 ","$1,460 "
,Davie County,"$270,190 ","$1,590 ","$1,510 "
,Duplin County,"$139,770 ",$820 ,$770 
,Durham County,"$450,800 ","$2,650 ","$2,580 "
,Edgecombe County,"$129,690 ",$760 ,$740 
,Forsyth County,"$307,510 ","$1,810 ","$1,710 "
,Franklin County,"$321,490 ","$1,890 ","$1,800 "
,Gaston County,"$316,630 ","$1,860 ","$1,780 "
,Gates County,"$185,940 ","$1,090 ","$1,030 "
,Graham County,"$176,750 ","$1,040 ",$980 
,Granville County,"$267,400 ","$1,570 ","$1,480 "
,Greene County,"$131,300 ",$770 ,$710 
,Guilford County,"$309,780 ","$1,820 ","$1,700 "
,Halifax County,"$116,280 ",$680 ,$640 
,Harnett County,"$323,670 ","$1,900 ","$1,790 "
,Haywood County,"$284,530 ","$1,670 ","$1,530 "
,Henderson County,"$415,250 ","$2,440 ","$2,230 "
,Hertford County,"$126,040 ",$740 ,$700 
,Hoke County,"$226,160 ","$1,330 ","$1,210 "
,Hyde County,"$135,680 ",$800 ,$750 
,Iredell County,"$396,460 ","$2,330 ","$2,220 "
,Jackson County,"$288,050 ","$1,700 ","$1,600 "
,Johnston County,"$358,990 ","$2,110 ","$2,010 "
,Jones County,"$139,090 ",$820 ,$770 
,Lee County,"$273,640 ","$1,610 ","$1,520 "
,Lenoir County,"$126,380 ",$740 ,$700 
,Lincoln County,"$390,440 ","$2,300 ","$2,190 "
,McDowell County,"$190,930 ","$1,120 ","$1,060 "
,Macon County,"$259,800 ","$1,530 ","$1,440 "
,Madison County,"$294,130 ","$1,730 ","$1,580 "
,Martin County,"$124,680 ",$730 ,$690 
,Mecklenburg County,"$491,980 ","$2,900 ","$2,760 "
,Mitchell County,"$229,280 ","$1,350 ","$1,270 "
,Montgomery County,"$170,510 ","$1,000 ",$940 
,Moore County,"$418,740 ","$2,460 ","$2,320 "
,Nash County,"$234,060 ","$1,380 ","$1,330 "
,New Hanover County,"$425,590 ","$2,500 ","$2,440 "
,Northampton County,"$115,940 ",$680 ,$640 
,Onslow County,"$301,570 ","$1,770 ","$1,560 "
,Orange County,"$505,750 ","$2,980 ","$2,890 "
,Pamlico County,"$238,020 ","$1,400 ","$1,320 "
,Pasquotank County,"$253,330 ","$1,490 ","$1,400 "
,Pender County,"$340,930 ","$2,010 ","$1,960 "
,Perquimans County,"$240,060 ","$1,410 ","$1,330 "
,Person County,"$207,330 ","$1,220 ","$1,190 "
,Pitt County,"$258,110 ","$1,520 ","$1,400 "
,Polk County,"$318,900 ","$1,880 ","$1,770 "
,Randolph County,"$246,910 ","$1,450 ","$1,360 "
,Richmond County,"$137,050 ",$810 ,$760 
,Robeson County,"$98,810 ",$580 ,$550 
,Rockingham County,"$200,670 ","$1,180 ","$1,100 "
,Rowan County,"$304,720 ","$1,790 ","$1,710 "
,Rutherford County,"$235,860 ","$1,390 ","$1,310 "
,Sampson County,"$145,670 ",$860 ,$810 
,Scotland County,"$124,680 ",$730 ,$690 
,Stanly County,"$267,510 ","$1,570 ","$1,480 "
,Stokes County,"$214,500 ","$1,260 ","$1,200 "
,Surry County,"$206,250 ","$1,210 ","$1,140 "
,Swain County,"$238,020 ","$1,400 ","$1,320 "
,Transylvania County,"$381,300 ","$2,240 ","$2,110 "
,Tyrrell County,"$157,010 ",$920 ,$870 
,Union County,"$497,210 ","$2,930 ","$2,790 "
,Vance County,"$165,980 ",$980 ,$920 
,Wake County,"$533,340 ","$3,140 ","$2,980 "
,Warren County,"$141,470 ",$830 ,$780 
,Washington County,"$121,390 ",$710 ,$670 
,Watauga County,"$364,740 ","$2,150 ","$2,020 "
,Wayne County,"$219,090 ","$1,290 ","$1,180 "
,Wilkes County,"$207,160 ","$1,220 ","$1,150 "
,Wilson County,"$240,740 ","$1,420 ","$1,330 "
,Yadkin County,"$202,560 ","$1,190 ","$1,130 "
,Yancey County,"$252,200 ","$1,480 ","$1,400 "
,Adams County,"$122,850 ",$720 ,$680 
,Barnes County,"$190,680 ","$1,120 ","$1,060 "
,Benson County,"$94,260 ",$550 ,$530 
,Billings County,"$365,820 ","$2,150 ","$2,040 "
,Bottineau County,"$216,540 ","$1,270 ","$1,210 "
,Bowman County,"$200,090 ","$1,180 ","$1,110 "
,Burke County,"$160,960 ",$950 ,$900 
,Burleigh County,"$333,130 ","$1,960 ","$1,840 "
,Cass County,"$314,030 ","$1,850 ","$1,760 "
,Cavalier County,"$138,730 ",$820 ,$770 
,Dickey County,"$189,540 ","$1,120 ","$1,060 "
,Divide County,"$196,350 ","$1,160 ","$1,090 "
,Dunn County,"$276,770 ","$1,630 ","$1,540 "
,Eddy County,"$131,010 ",$770 ,$730 
,Emmons County,"$127,500 ",$750 ,$710 
,Foster County,"$184,670 ","$1,090 ","$1,030 "
,Golden Valley County,"$135,210 ",$800 ,$750 
,Grand Forks County,"$295,730 ","$1,740 ","$1,630 "
,Grant County,"$97,320 ",$570 ,$540 
North Dakota,Griggs County,"$145,420 ",$860 ,$810 
,Hettinger County,"$125,800 ",$740 ,$700 
,Kidder County,"$157,100 ",$920 ,$880 
,LaMoure County,"$133,850 ",$790 ,$750 
,Logan County,"$115,470 ",$680 ,$640 
,McHenry County,"$162,430 ",$960 ,$900 
,McIntosh County,"$91,090 ",$540 ,$510 
,McKenzie County,"$405,290 ","$2,390 ","$2,260 "
,McLean County,"$264,410 ","$1,560 ","$1,470 "
,Mercer County,"$222,550 ","$1,310 ","$1,240 "
,Morton County,"$268,660 ","$1,580 ","$1,480 "
,Mountrail County,"$252,040 ","$1,480 ","$1,400 "
,Nelson County,"$129,880 ",$760 ,$720 
,Oliver County,"$246,150 ","$1,450 ","$1,370 "
,Pembina County,"$132,260 ",$780 ,$740 
,Pierce County,"$162,660 ",$960 ,$910 
,Ramsey County,"$223,910 ","$1,320 ","$1,250 "
,Ransom County,"$198,280 ","$1,170 ","$1,100 "
,Renville County,"$185,350 ","$1,090 ","$1,030 "
,Richland County,"$201,450 ","$1,190 ","$1,120 "
,Rolette County,"$105,490 ",$620 ,$590 
,Sargent County,"$169,690 ","$1,000 ",$950 
,Sheridan County,"$122,170 ",$720 ,$680 
,Sioux County,"$99,140 ",$580 ,$550 
,Slope County,"$137,590 ",$810 ,$770 
,Stark County,"$295,380 ","$1,740 ","$1,650 "
,Steele County,"$136,570 ",$800 ,$760 
,Stutsman County,"$227,200 ","$1,340 ","$1,270 "
,Towner County,"$139,290 ",$820 ,$780 
,Traill County,"$219,150 ","$1,290 ","$1,220 "
,Walsh County,"$142,580 ",$840 ,$790 
,Ward County,"$285,620 ","$1,680 ","$1,590 "
,Wells County,"$120,690 ",$710 ,$670 
,Williams County,"$303,770 ","$1,790 ","$1,690 "
,Adams County,"$182,220 ","$1,070 ",$990 
,Allen County,"$215,030 ","$1,270 ","$1,090 "
,Ashland County,"$203,510 ","$1,200 ","$1,110 "
,Ashtabula County,"$186,970 ","$1,100 ","$1,020 "
,Athens County,"$201,080 ","$1,180 ","$1,100 "
,Auglaize County,"$210,570 ","$1,240 ","$1,150 "
,Belmont County,"$169,270 ","$1,000 ",$960 
,Brown County,"$210,060 ","$1,240 ","$1,150 "
,Butler County,"$319,090 ","$1,880 ","$1,750 "
,Carroll County,"$202,460 ","$1,190 ","$1,120 "
,Champaign County,"$215,540 ","$1,270 ","$1,180 "
,Clark County,"$196,810 ","$1,160 ","$1,100 "
,Clermont County,"$324,430 ","$1,910 ","$1,780 "
,Clinton County,"$223,060 ","$1,310 ","$1,220 "
,Columbiana County,"$189,400 ","$1,110 ","$1,030 "
,Coshocton County,"$164,640 ",$970 ,$900 
,Crawford County,"$143,000 ",$840 ,$780 
,Cuyahoga County,"$229,330 ","$1,350 ","$1,240 "
,Darke County,"$195,640 ","$1,150 ","$1,070 "
,Defiance County,"$174,590 ","$1,030 ",$950 
,Delaware County,"$529,980 ","$3,120 ","$2,890 "
,,"$237,420 ","$1,400 ","$1,230 "
,Fairfield County,"$362,220 ","$2,130 ","$1,970 "
,Fayette County,"$187,660 ","$1,100 ","$1,020 "
,Franklin County,"$346,340 ","$2,040 ","$1,890 "
,Fulton County,"$205,600 ","$1,210 ","$1,110 "
,Gallia County,"$156,190 ",$920 ,$850 
,Geauga County,"$369,440 ","$2,170 ","$2,000 "
,Greene County,"$305,580 ","$1,800 ","$1,690 "
,Guernsey County,"$178,290 ","$1,050 ",$970 
,Hamilton County,"$290,560 ","$1,710 ","$1,590 "
,Hancock County,"$241,230 ","$1,420 ","$1,320 "
,Hardin County,"$155,960 ",$920 ,$850 
,Harrison County,"$136,520 ",$800 ,$750 
,Henry County,"$192,060 ","$1,130 ","$1,050 "
,Highland County,"$181,640 ","$1,070 ",$990 
,Hocking County,"$199,350 ","$1,170 ","$1,090 "
,Holmes County,"$291,330 ","$1,710 ","$1,590 "
,Huron County,"$183,840 ","$1,080 ","$1,000 "
,Jackson County,"$162,440 ",$960 ,$890 
,Jefferson County,"$135,120 ",$800 ,$680 
,Knox County,"$252,570 ","$1,490 ","$1,380 "
,Lake County,"$252,160 ","$1,480 ","$1,360 "
,Lawrence County,"$155,050 ",$910 ,$850 
,Licking County,"$319,190 ","$1,880 ","$1,740 "
,Logan County,"$215,430 ","$1,270 ","$1,180 "
,Lorain County,"$259,350 ","$1,530 ","$1,400 "
,Lucas County,"$196,720 ","$1,160 ","$1,060 "
,Madison County,"$266,260 ","$1,570 ","$1,450 "
,Mahoning County,"$185,460 ","$1,090 ",$990 
,Marion County,"$177,940 ","$1,050 ",$970 
,Medina County,"$330,030 ","$1,940 ","$1,780 "
,Meigs County,"$131,200 ",$770 ,$720 
,Mercer County,"$241,340 ","$1,420 ","$1,320 "
,Miami County,"$294,070 ","$1,730 ","$1,620 "
,Monroe County,"$152,720 ",$900 ,$830 
,Montgomery County,"$211,890 ","$1,250 ","$1,170 "
,Morgan County,"$155,270 ",$910 ,$850 
,Morrow County,"$231,050 ","$1,360 ","$1,260 "
,Muskingum County,"$213,920 ","$1,260 ","$1,170 "
,Noble County,"$172,740 ","$1,020 ",$940 
,Ottawa County,"$234,450 ","$1,380 ","$1,270 "
,Paulding County,"$146,700 ",$860 ,$800 
,Perry County,"$206,290 ","$1,210 ","$1,130 "
,Pickaway County,"$271,200 ","$1,600 ","$1,480 "
,Pike County,"$171,810 ","$1,010 ",$940 
,Portage County,"$269,730 ","$1,590 ","$1,460 "
,Preble County,"$196,930 ","$1,160 ","$1,090 "
,Putnam County,"$221,680 ","$1,300 ","$1,210 "
,Richland County,"$221,080 ","$1,300 ","$1,180 "
,Ross County,"$205,020 ","$1,210 ","$1,120 "
,Sandusky County,"$176,440 ","$1,040 ",$960 
,Scioto County,"$189,050 ","$1,110 ","$1,030 "
,Seneca County,"$157,580 ",$930 ,$860 
,Shelby County,"$220,170 ","$1,300 ","$1,200 "
,Stark County,"$218,710 ","$1,290 ","$1,200 "
,Summit County,"$247,080 ","$1,450 ","$1,340 "
,Trumbull County,"$171,760 ","$1,010 ",$910 
,Tuscarawas County,"$214,620 ","$1,260 ","$1,170 "
,Union County,"$412,960 ","$2,430 ","$2,250 "
,Van Wert County,"$158,850 ",$930 ,$870 
,Vinton County,"$152,370 ",$900 ,$830 
,Warren County,"$423,020 ","$2,490 ","$2,320 "
,Washington County,"$196,210 ","$1,150 ",$990 
,Wayne County,"$253,260 ","$1,490 ","$1,380 "
,Williams County,"$161,980 ",$950 ,$880 
,Wood County,"$267,980 ","$1,580 ","$1,450 "
,Wyandot County,"$184,540 ","$1,090 ","$1,010 "
,Adair County,"$123,190 ",$720 ,$700 
,Alfalfa County,"$113,790 ",$670 ,$640 
,Atoka County,"$152,460 ",$900 ,$860 
,Beaver County,"$130,260 ",$770 ,$740 
,Beckham County,"$169,480 ","$1,000 ",$960 
,Blaine County,"$139,430 ",$820 ,$790 
,Bryan County,"$180,860 ","$1,060 ","$1,020 "
,Caddo County,"$121,420 ",$710 ,$690 
,Canadian County,"$280,010 ","$1,650 ","$1,610 "
,Carter County,"$169,590 ","$1,000 ",$960 
,Cherokee County,"$177,100 ","$1,040 ","$1,000 "
,Choctaw County,"$132,250 ",$780 ,$750 
,Cimarron County,"$104,400 ",$610 ,$590 
,Cleveland County,"$264,210 ","$1,550 ","$1,520 "
,Coal County,"$102,190 ",$600 ,$580 
,Comanche County,"$176,990 ","$1,040 ","$1,040 "
,Cotton County,"$125,060 ",$740 ,$710 
,Craig County,"$146,830 ",$860 ,$830 
,Creek County,"$212,720 ","$1,250 ","$1,170 "
,Custer County,"$195,550 ","$1,150 ","$1,100 "
,Delaware County,"$182,180 ","$1,070 ","$1,030 "
,Dewey County,"$130,590 ",$770 ,$740 
,Ellis County,"$135,340 ",$800 ,$760 
,Garfield County,"$165,500 ",$970 ,$940 
,Garvin County,"$146,500 ",$860 ,$830 
,Grady County,"$202,050 ","$1,190 ","$1,160 "
,Grant County,"$87,830 ",$520 ,$500 
,Greer County,"$114,460 ",$670 ,$650 
,Harmon County,"$83,630 ",$490 ,$470 
,Harper County,"$109,710 ",$650 ,$620 
,Haskell County,"$135,120 ",$800 ,$760 
,Hughes County,"$104,850 ",$620 ,$590 
,Jackson County,"$160,200 ",$940 ,$910 
,Jefferson County,"$85,620 ",$500 ,$480 
,Johnston County,"$122,300 ",$720 ,$690 
,Kay County,"$129,040 ",$760 ,$730 
,Kingfisher County,"$228,030 ","$1,340 ","$1,290 "
,Kiowa County,"$99,760 ",$590 ,$560 
,Latimer County,"$114,130 ",$670 ,$640 
,Le Flore County,"$135,330 ",$800 ,$730 
,Lincoln County,"$163,450 ",$960 ,$940 
,Logan County,"$251,950 ","$1,480 ","$1,450 "
,Love County,"$185,050 ","$1,090 ","$1,050 "
,McClain County,"$251,520 ","$1,480 ","$1,440 "
,McCurtain County,"$139,320 ",$820 ,$790 
,McIntosh County,"$150,030 ",$880 ,$850 
,Major County,"$148,820 ",$880 ,$840 
,Marshall County,"$154,340 ",$910 ,$870 
,Mayes County,"$189,920 ","$1,120 ","$1,070 "
,Murray County,"$171,130 ","$1,010 ",$970 
,Muskogee County,"$173,790 ","$1,020 ",$980 
,Noble County,"$157,550 ",$930 ,$890 
,Nowata County,"$134,680 ",$790 ,$760 
,Okfuskee County,"$122,410 ",$720 ,$690 
,Oklahoma County,"$260,980 ","$1,540 ","$1,500 "
,Okmulgee County,"$128,710 ",$760 ,$710 
,Osage County,"$193,510 ","$1,140 ","$1,060 "
,Ottawa County,"$126,280 ",$740 ,$710 
,Pawnee County,"$141,180 ",$830 ,$770 
,Payne County,"$251,120 ","$1,480 ","$1,420 "
,Pittsburg County,"$161,630 ",$950 ,$910 
,Pontotoc County,"$188,370 ","$1,110 ","$1,060 "
,Pottawatomie County,"$193,340 ","$1,140 ","$1,090 "
,Pushmataha County,"$129,040 ",$760 ,$730 
,Roger Mills County,"$168,590 ",$990 ,$950 
,Rogers County,"$277,970 ","$1,640 ","$1,520 "
,Seminole County,"$100,760 ",$590 ,$570 
,Sequoyah County,"$141,900 ",$840 ,$760 
,Stephens County,"$149,260 ",$880 ,$840 
,Texas County,"$171,910 ","$1,010 ",$970 
,Tillman County,"$79,440 ",$470 ,$450 
,Tulsa County,"$267,980 ","$1,580 ","$1,470 "
,Wagoner County,"$269,660 ","$1,590 ","$1,480 "
,Washington County,"$177,760 ","$1,050 ","$1,000 "
,Washita County,"$125,170 ",$740 ,$710 
,Woods County,"$156,770 ",$920 ,$890 
,Woodward County,"$196,660 ","$1,160 ","$1,110 "
,Baker County,"$265,770 ","$1,560 ","$1,470 "
Oregon,Benton County,"$573,530 ","$3,380 ","$3,280 "
,Clackamas County,"$641,400 ","$3,770 ","$3,640 "
,Clatsop County,"$469,740 ","$2,760 ","$2,600 "
,Columbia County,"$413,830 ","$2,440 ","$2,350 "
,Coos County,"$324,890 ","$1,910 ","$1,800 "
,Crook County,"$454,180 ","$2,670 ","$2,510 "
,Curry County,"$393,450 ","$2,320 ","$2,180 "
,Deschutes County,"$704,920 ","$4,150 ","$4,120 "
,Douglas County,"$350,750 ","$2,060 ","$1,940 "
,Gilliam County,"$169,960 ","$1,000 ",$940 
,Grant County,"$241,520 ","$1,420 ","$1,340 "
,Harney County,"$204,510 ","$1,200 ","$1,130 "
,Hood River County,"$612,870 ","$3,610 ","$3,390 "
,Jackson County,"$458,400 ","$2,700 ","$2,630 "
,Jefferson County,"$363,950 ","$2,140 ","$2,010 "
,Josephine County,"$428,540 ","$2,520 ","$2,370 "
,Klamath County,"$291,520 ","$1,720 ","$1,610 "
,Lake County,"$235,410 ","$1,390 ","$1,300 "
,Lane County,"$465,950 ","$2,740 ","$2,660 "
,Lincoln County,"$415,990 ","$2,450 ","$2,300 "
,Linn County,"$427,360 ","$2,520 ","$2,360 "
,Malheur County,"$237,450 ","$1,400 ","$1,310 "
,Marion County,"$458,580 ","$2,700 ","$2,620 "
,Morrow County,"$246,570 ","$1,450 ","$1,360 "
,Multnomah County,"$576,030 ","$3,390 ","$3,270 "
,Polk County,"$498,200 ","$2,930 ","$2,850 "
,Sherman County,"$221,780 ","$1,310 ","$1,230 "
,Tillamook County,"$438,410 ","$2,580 ","$2,420 "
,Umatilla County,"$321,030 ","$1,890 ","$1,780 "
,Union County,"$279,510 ","$1,640 ","$1,550 "
,Wallowa County,"$399,030 ","$2,350 ","$2,210 "
,Wasco County,"$356,760 ","$2,100 ","$1,970 "
,Washington County,"$624,030 ","$3,670 ","$3,540 "
,Wheeler County,"$277,900 ","$1,640 ","$1,540 "
,Yamhill County,"$499,960 ","$2,940 ","$2,840 "
,Adams County,"$318,930 ","$1,880 ","$1,710 "
,Allegheny County,"$264,160 ","$1,550 ","$1,450 "
,Armstrong County,"$179,450 ","$1,060 ",$980 
,Beaver County,"$217,310 ","$1,280 ","$1,190 "
,Bedford County,"$200,300 ","$1,180 ","$1,080 "
,Berks County,"$304,210 ","$1,790 ","$1,700 "
,Blair County,"$178,260 ","$1,050 ",$960 
,Bradford County,"$211,190 ","$1,240 ","$1,130 "
,Bucks County,"$505,190 ","$2,970 ","$2,730 "
,Butler County,"$336,940 ","$1,980 ","$1,840 "
,Cambria County,"$159,960 ",$940 ,$760 
,Cameron County,"$102,180 ",$600 ,$550 
,Carbon County,"$243,980 ","$1,440 ","$1,340 "
,Centre County,"$361,560 ","$2,130 ","$1,940 "
,Chester County,"$548,440 ","$3,230 ","$2,970 "
,Clarion County,"$176,200 ","$1,040 ",$950 
,Clearfield County,"$168,090 ",$990 ,$900 
,Clinton County,"$207,480 ","$1,220 ","$1,110 "
,Columbia County,"$259,500 ","$1,530 ","$1,390 "
,Crawford County,"$174,350 ","$1,030 ",$940 
,Cumberland County,"$322,470 ","$1,900 ","$1,800 "
,Dauphin County,"$271,140 ","$1,600 ","$1,520 "
,Delaware County,"$373,990 ","$2,200 ","$2,020 "
,Elk County,"$148,980 ",$880 ,$800 
,Erie County,"$202,410 ","$1,190 ","$1,090 "
,Fayette County,"$164,090 ",$970 ,$900 
,Forest County,"$129,630 ",$760 ,$700 
,Franklin County,"$288,340 ","$1,700 ","$1,550 "
,Fulton County,"$238,640 ","$1,400 ","$1,280 "
Pennsylvania,Greene County,"$169,370 ","$1,000 ",$910 
,Huntingdon County,"$208,870 ","$1,230 ","$1,120 "
,Indiana County,"$176,780 ","$1,040 ",$950 
,Jefferson County,"$146,780 ",$860 ,$790 
,Juniata County,"$238,990 ","$1,410 ","$1,280 "
,Lackawanna County,"$240,210 ","$1,410 ","$1,280 "
,Lancaster County,"$347,730 ","$2,050 ","$1,970 "
,Lawrence County,"$174,700 ","$1,030 ",$940 
,Lebanon County,"$270,640 ","$1,590 ","$1,480 "
,Lehigh County,"$374,000 ","$2,200 ","$2,050 "
,Luzerne County,"$215,100 ","$1,270 ","$1,150 "
,Lycoming County,"$221,240 ","$1,300 ","$1,240 "
,McKean County,"$114,340 ",$670 ,$610 
,Mercer County,"$200,490 ","$1,180 ","$1,070 "
,Mifflin County,"$165,550 ",$970 ,$890 
,Monroe County,"$318,930 ","$1,880 ","$1,710 "
,Montgomery County,"$498,580 ","$2,930 ","$2,700 "
,Montour County,"$278,380 ","$1,640 ","$1,500 "
,Northampton County,"$367,080 ","$2,160 ","$2,010 "
,Northumberland County,"$190,340 ","$1,120 ","$1,020 "
,Perry County,"$251,920 ","$1,480 ","$1,410 "
,Philadelphia County,"$276,290 ","$1,630 ","$1,490 "
,Pike County,"$291,470 ","$1,720 ","$1,580 "
,Potter County,"$169,370 ","$1,000 ",$910 
,Schuylkill County,"$173,310 ","$1,020 ",$930 
,Snyder County,"$238,070 ","$1,400 ","$1,280 "
,Somerset County,"$167,630 ",$990 ,$900 
,Sullivan County,"$215,940 ","$1,270 ","$1,160 "
,Susquehanna County,"$239,460 ","$1,410 ","$1,290 "
,Tioga County,"$203,890 ","$1,200 ","$1,100 "
,Union County,"$258,220 ","$1,520 ","$1,390 "
,Venango County,"$132,640 ",$780 ,$710 
,Warren County,"$141,100 ",$830 ,$760 
,Washington County,"$265,190 ","$1,560 ","$1,450 "
,Wayne County,"$264,360 ","$1,560 ","$1,420 "
,Westmoreland County,"$231,530 ","$1,360 ","$1,270 "
,Wyoming County,"$245,830 ","$1,450 ","$1,310 "
,York County,"$301,820 ","$1,780 ","$1,620 "
Rhode Island,Bristol County,"$554,890 ","$3,270 ","$3,010 "
,Kent County,"$434,900 ","$2,560 ","$2,360 "
,Newport County,"$751,350 ","$4,420 ","$4,080 "
,Providence County,"$447,820 ","$2,640 ","$2,430 "
,Washington County,"$642,030 ","$3,780 ","$3,480 "
,Abbeville County,"$175,820 ","$1,030 ",$950 
,Aiken County,"$257,580 ","$1,520 ","$1,370 "
,Allendale County,"$73,580 ",$430 ,$400 
,Anderson County,"$287,060 ","$1,690 ","$1,590 "
,Bamberg County,"$114,660 ",$670 ,$620 
,Barnwell County,"$116,100 ",$680 ,$620 
,Beaufort County,"$557,310 ","$3,280 ","$3,000 "
,Berkeley County,"$393,910 ","$2,320 ","$2,140 "
,Calhoun County,"$170,400 ","$1,000 ",$940 
,Charleston County,"$609,100 ","$3,580 ","$3,320 "
,Cherokee County,"$161,480 ",$950 ,$870 
,Chester County,"$160,100 ",$940 ,$900 
,Chesterfield County,"$121,110 ",$710 ,$650 
,Clarendon County,"$175,940 ","$1,040 ",$950 
,Colleton County,"$174,260 ","$1,030 ",$940 
,Darlington County,"$168,100 ",$990 ,$830 
,Dillon County,"$100,810 ",$590 ,$540 
,Dorchester County,"$389,970 ","$2,300 ","$2,120 "
,Edgefield County,"$224,030 ","$1,320 ","$1,190 "
,Fairfield County,"$147,840 ",$870 ,$820 
,Florence County,"$205,900 ","$1,210 ","$1,020 "
,Georgetown County,"$384,840 ","$2,260 ","$2,070 "
,Greenville County,"$373,690 ","$2,200 ","$2,070 "
,Greenwood County,"$228,490 ","$1,340 ","$1,230 "
,Hampton County,"$122,310 ",$720 ,$660 
,Horry County,"$364,650 ","$2,150 ","$2,020 "
,Jasper County,"$321,770 ","$1,890 ","$1,730 "
,Kershaw County,"$254,690 ","$1,500 ","$1,410 "
,Lancaster County,"$372,190 ","$2,190 ","$2,090 "
,Laurens County,"$197,900 ","$1,160 ","$1,100 "
,Lee County,"$121,710 ",$720 ,$660 
,Lexington County,"$278,850 ","$1,640 ","$1,540 "
,McCormick County,"$189,910 ","$1,120 ","$1,020 "
,Marion County,"$103,670 ",$610 ,$560 
,Marlboro County,"$88,980 ",$520 ,$480 
,Newberry County,"$188,960 ","$1,110 ","$1,020 "
,Oconee County,"$304,570 ","$1,790 ","$1,640 "
,Orangeburg County,"$147,390 ",$870 ,$790 
,Pickens County,"$275,480 ","$1,620 ","$1,530 "
,Richland County,"$282,740 ","$1,660 ","$1,560 "
,Saluda County,"$141,080 ",$830 ,$780 
,Spartanburg County,"$261,840 ","$1,540 ","$1,510 "
,Sumter County,"$232,290 ","$1,370 ","$1,220 "
,Union County,"$119,440 ",$700 ,$640 
,Williamsburg County,"$113,590 ",$670 ,$610 
,York County,"$427,070 ","$2,510 ","$2,400 "
South Dakota,Aurora County,"$139,990 ",$820 ,$810 
,Beadle County,"$193,590 ","$1,140 ","$1,120 "
,Bennett County,"$150,400 ",$890 ,$870 
,Bon Homme County,"$130,540 ",$770 ,$750 
,Brookings County,"$267,270 ","$1,570 ","$1,540 "
,Brown County,"$231,030 ","$1,360 ","$1,340 "
,Brule County,"$223,000 ","$1,310 ","$1,290 "
,Buffalo County,"$117,200 ",$690 ,$680 
,Butte County,"$225,390 ","$1,330 ","$1,300 "
,Campbell County,"$95,390 ",$560 ,$550 
,Charles Mix County,"$183,610 ","$1,080 ","$1,060 "
,Clark County,"$153,980 ",$910 ,$890 
,Clay County,"$240,690 ","$1,420 ","$1,390 "
,Codington County,"$236,560 ","$1,390 ","$1,370 "
,Corson County,"$80,080 ",$470 ,$460 
,Custer County,"$355,060 ","$2,090 ","$2,050 "
,Davison County,"$206,180 ","$1,210 ","$1,190 "
,Day County,"$168,310 ",$990 ,$970 
,Deuel County,"$195,440 ","$1,150 ","$1,130 "
,Dewey County,"$81,820 ",$480 ,$470 
,Douglas County,"$135,640 ",$800 ,$780 
,Edmunds County,"$177,530 ","$1,040 ","$1,030 "
,Fall River County,"$191,310 ","$1,130 ","$1,110 "
,Faulk County,"$134,670 ",$790 ,$780 
,Grant County,"$194,680 ","$1,150 ","$1,130 "
,Gregory County,"$139,990 ",$820 ,$810 
,Haakon County,"$166,250 ",$980 ,$960 
,Hamlin County,"$225,390 ","$1,330 ","$1,300 "
,Hand County,"$165,050 ",$970 ,$950 
,Hanson County,"$208,780 ","$1,230 ","$1,210 "
,Harding County,"$169,720 ","$1,000 ",$980 
,Hughes County,"$239,930 ","$1,410 ","$1,390 "
,Hutchinson County,"$174,170 ","$1,030 ","$1,010 "
,Hyde County,"$145,950 ",$860 ,$840 
,Jackson County,"$121,000 ",$710 ,$700 
,Jerauld County,"$137,820 ",$810 ,$800 
,Jones County,"$127,070 ",$750 ,$730 
,Kingsbury County,"$173,190 ","$1,020 ","$1,000 "
,Lake County,"$250,670 ","$1,480 ","$1,450 "
,Lawrence County,"$337,270 ","$1,980 ","$1,950 "
,Lincoln County,"$389,860 ","$2,290 ","$2,190 "
,Lyman County,"$169,830 ","$1,000 ",$980 
,McCook County,"$235,460 ","$1,390 ","$1,320 "
,McPherson County,"$85,080 ",$500 ,$490 
,Marshall County,"$159,740 ",$940 ,$920 
,Meade County,"$310,030 ","$1,820 ","$1,700 "
,Melette County,"$68,370 ",$400 ,$400 
,Miner County,"$123,820 ",$730 ,$720 
,Minnehaha County,"$321,820 ","$1,890 ","$1,800 "
,Moody County,"$223,870 ","$1,320 ","$1,290 "
,Pennington County,"$353,130 ","$2,080 ","$1,940 "
,Perkins County,"$114,920 ",$680 ,$660 
,Potter County,"$131,630 ",$770 ,$760 
,Roberts County,"$150,950 ",$890 ,$870 
,Sanborn County,"$150,290 ",$880 ,$870 
,Spink County,"$127,400 ",$750 ,$740 
,Stanley County,"$184,370 ","$1,090 ","$1,070 "
,Sully County,"$215,620 ","$1,270 ","$1,250 "
,Todd County,"$49,050 ",$290 ,$280 
,Tripp County,"$148,780 ",$880 ,$860 
,Turner County,"$215,630 ","$1,270 ","$1,210 "
,Union County,"$301,930 ","$1,780 ","$1,630 "
,Walworth County,"$141,070 ",$830 ,$820 
,Yankton County,"$225,930 ","$1,330 ","$1,310 "
,Ziebach County,"$110,360 ",$650 ,$640 
,Anderson County,"$283,020 ","$1,670 ","$1,590 "
,Bedford County,"$287,900 ","$1,690 ","$1,590 "
,Benton County,"$139,160 ",$820 ,$770 
,Bledsoe County,"$186,520 ","$1,100 ","$1,030 "
,Blount County,"$404,490 ","$2,380 ","$2,270 "
,Bradley County,"$314,760 ","$1,850 ","$1,790 "
,Campbell County,"$191,140 ","$1,120 ","$1,060 "
,Cannon County,"$245,080 ","$1,440 ","$1,380 "
,Carroll County,"$137,690 ",$810 ,$760 
,Carter County,"$172,820 ","$1,020 ",$970 
,Cheatham County,"$313,780 ","$1,850 ","$1,770 "
,Chester County,"$169,480 ","$1,000 ",$960 
,Claiborne County,"$166,900 ",$980 ,$920 
,Clay County,"$154,380 ",$910 ,$850 
,Cocke County,"$159,910 ",$940 ,$890 
,Coffee County,"$256,330 ","$1,510 ","$1,420 "
,Crockett County,"$151,220 ",$890 ,$840 
,Cumberland County,"$257,110 ","$1,510 ","$1,420 "
,Davidson County,"$471,310 ","$2,770 ","$2,650 "
,Decatur County,"$151,000 ",$890 ,$840 
,DeKalb County,"$232,980 ","$1,370 ","$1,290 "
,Dickson County,"$293,640 ","$1,730 ","$1,650 "
,Dyer County,"$179,870 ","$1,060 ","$1,000 "
,Fayette County,"$328,570 ","$1,930 ","$1,880 "
,Fentress County,"$171,180 ","$1,010 ",$950 
,Franklin County,"$243,240 ","$1,430 ","$1,350 "
,Gibson County,"$168,820 ",$990 ,$930 
,Giles County,"$230,160 ","$1,350 ","$1,270 "
,Grainger County,"$201,610 ","$1,190 ","$1,150 "
,Greene County,"$245,050 ","$1,440 ","$1,360 "
,Grundy County,"$150,430 ",$890 ,$830 
,Hamblen County,"$279,450 ","$1,640 ","$1,590 "
,Hamilton County,"$372,830 ","$2,190 ","$2,100 "
,Hancock County,"$133,070 ",$780 ,$740 
,Hardeman County,"$131,710 ",$780 ,$730 
,Hardin County,"$173,670 ","$1,020 ",$960 
,Hawkins County,"$195,130 ","$1,150 ","$1,030 "
,Haywood County,"$134,870 ",$790 ,$750 
,Henderson County,"$175,920 ","$1,040 ",$970 
,Henry County,"$163,740 ",$960 ,$910 
,Hickman County,"$206,740 ","$1,220 ","$1,160 "
,Houston County,"$169,270 ","$1,000 ",$940 
,Humphreys County,"$210,770 ","$1,240 ","$1,170 "
,Jackson County,"$152,460 ",$900 ,$840 
,Jefferson County,"$246,160 ","$1,450 ","$1,400 "
,Johnson County,"$197,910 ","$1,160 ","$1,100 "
,Knox County,"$416,920 ","$2,450 ","$2,340 "
,Lake County,"$120,660 ",$710 ,$670 
,Lauderdale County,"$137,690 ",$810 ,$760 
,Lawrence County,"$199,260 ","$1,170 ","$1,100 "
,Lewis County,"$177,950 ","$1,050 ",$990 
,Lincoln County,"$235,800 ","$1,390 ","$1,310 "
,Loudon County,"$339,810 ","$2,000 ","$1,900 "
,McMinn County,"$214,710 ","$1,260 ","$1,190 "
,McNairy County,"$170,390 ","$1,000 ",$940 
,Macon County,"$227,420 ","$1,340 ","$1,280 "
,Madison County,"$246,250 ","$1,450 ","$1,390 "
,Marion County,"$193,840 ","$1,140 ","$1,090 "
,Marshall County,"$277,530 ","$1,630 ","$1,540 "
,Maury County,"$427,620 ","$2,520 ","$2,370 "
,Meigs County,"$209,190 ","$1,230 ","$1,160 "
,Monroe County,"$225,200 ","$1,330 ","$1,250 "
,Montgomery County,"$329,510 ","$1,940 ","$1,880 "
,Moore County,"$292,410 ","$1,720 ","$1,620 "
,Morgan County,"$162,390 ",$960 ,$900 
,Obion County,"$138,370 ",$810 ,$770 
,Overton County,"$193,630 ","$1,140 ","$1,070 "
,Perry County,"$128,330 ",$760 ,$710 
,Pickett County,"$182,910 ","$1,080 ","$1,010 "
,Polk County,"$160,800 ",$950 ,$910 
,Putnam County,"$327,140 ","$1,930 ","$1,810 "
,Rhea County,"$201,290 ","$1,180 ","$1,110 "
,Roane County,"$239,410 ","$1,410 ","$1,330 "
,Robertson County,"$383,120 ","$2,250 ","$2,160 "
,Rutherford County,"$437,930 ","$2,580 ","$2,470 "
,Scott County,"$131,710 ",$780 ,$730 
,Sequatchie County,"$243,200 ","$1,430 ","$1,370 "
,Sevier County,"$341,010 ","$2,010 ","$1,890 "
,Shelby County,"$281,780 ","$1,660 ","$1,610 "
,Smith County,"$241,740 ","$1,420 ","$1,360 "
,Stewart County,"$197,250 ","$1,160 ","$1,130 "
,Sullivan County,"$269,490 ","$1,590 ","$1,430 "
,Sumner County,"$443,530 ","$2,610 ","$2,500 "
,Tipton County,"$228,860 ","$1,350 ","$1,310 "
,Trousdale County,"$305,920 ","$1,800 ","$1,720 "
,Unicoi County,"$184,910 ","$1,090 ","$1,040 "
,Union County,"$216,360 ","$1,270 ","$1,210 "
,Van Buren County,"$168,250 ",$990 ,$930 
,Warren County,"$196,110 ","$1,150 ","$1,090 "
,Washington County,"$286,710 ","$1,690 ","$1,620 "
,Wayne County,"$142,770 ",$840 ,$790 
,Weakley County,"$153,700 ",$900 ,$850 
,White County,"$214,490 ","$1,260 ","$1,190 "
,Williamson County,"$837,520 ","$4,930 ","$4,720 "
,Wilson County,"$511,580 ","$3,010 ","$2,880 "
,Anderson County,"$192,210 ","$1,130 ","$1,060 "
,Andrews County,"$208,620 ","$1,230 ","$1,160 "
,Angelina County,"$185,560 ","$1,090 ","$1,030 "
,Aransas County,"$258,380 ","$1,520 ","$1,460 "
,Archer County,"$199,970 ","$1,180 ","$1,120 "
,Armstrong County,"$197,410 ","$1,160 ","$1,120 "
,Atascosa County,"$159,490 ",$940 ,$920 
,Austin County,"$292,530 ","$1,720 ","$1,660 "
,Bailey County,"$115,720 ",$680 ,$640 
,Bandera County,"$253,120 ","$1,490 ","$1,460 "
,Bastrop County,"$307,780 ","$1,810 ","$1,810 "
,Baylor County,"$103,420 ",$610 ,$570 
,Bee County,"$113,950 ",$670 ,$630 
,Bell County,"$277,540 ","$1,630 ","$1,570 "
,Bexar County,"$280,680 ","$1,650 ","$1,620 "
,Blanco County,"$439,180 ","$2,580 ","$2,430 "
,Borden County,"$116,830 ",$690 ,$650 
,Bosque County,"$204,510 ","$1,200 ","$1,130 "
,Bowie County,"$173,760 ","$1,020 ",$940 
,Brazoria County,"$329,030 ","$1,940 ","$1,870 "
,Brazos County,"$334,140 ","$1,970 ","$1,910 "
,Brewster County,"$239,430 ","$1,410 ","$1,330 "
,Briscoe County,"$91,890 ",$540 ,$510 
,Brooks County,"$91,670 ",$540 ,$510 
,Brown County,"$166,160 ",$980 ,$920 
,Burleson County,"$187,970 ","$1,110 ","$1,070 "
,Burnet County,"$344,180 ","$2,030 ","$1,910 "
,Caldwell County,"$209,330 ","$1,230 ","$1,230 "
,Calhoun County,"$154,470 ",$910 ,$930 
,Callahan County,"$152,150 ",$900 ,$840 
,Cameron County,"$171,020 ","$1,010 ",$990 
,Camp County,"$177,250 ","$1,040 ",$980 
,Carson County,"$149,460 ",$880 ,$850 
,Cass County,"$147,980 ",$870 ,$820 
,Castro County,"$105,190 ",$620 ,$580 
,Chambers County,"$313,050 ","$1,840 ","$1,780 "
,Cherokee County,"$177,690 ","$1,050 ",$980 
,Childress County,"$127,590 ",$750 ,$710 
,Clay County,"$184,000 ","$1,080 ","$1,030 "
,Cochran County,"$63,960 ",$380 ,$350 
,Coke County,"$125,150 ",$740 ,$690 
,Coleman County,"$101,090 ",$590 ,$560 
,Collin County,"$540,600 ","$3,180 ","$3,110 "
,Collingsworth County,"$120,160 ",$710 ,$670 
,Colorado County,"$215,040 ","$1,270 ","$1,190 "
,Comal County,"$472,090 ","$2,780 ","$2,720 "
,Comanche County,"$152,750 ",$900 ,$850 
,Concho County,"$117,280 ",$690 ,$650 
,Cooke County,"$248,960 ","$1,470 ","$1,380 "
,Coryell County,"$228,650 ","$1,350 ","$1,300 "
,Cottle County,"$59,970 ",$350 ,$330 
,Crane County,"$132,910 ",$780 ,$740 
,Crockett County,"$155,190 ",$910 ,$860 
,Crosby County,"$76,960 ",$450 ,$450 
,Culberson County,"$93,670 ",$550 ,$520 
,Dallam County,"$155,740 ",$920 ,$860 
,Dallas County,"$336,200 ","$1,980 ","$1,930 "
,Dawson County,"$100,650 ",$590 ,$560 
,Deaf Smith County,"$128,580 ",$760 ,$710 
,Delta County,"$157,410 ",$930 ,$910 
,Denton County,"$484,970 ","$2,850 ","$2,790 "
,DeWitt County,"$185,340 ","$1,090 ","$1,030 "
,Dickens County,"$72,050 ",$420 ,$400 
,Dimmit County,"$89,010 ",$520 ,$490 
,Donley County,"$100,320 ",$590 ,$560 
,Duval County,"$95,770 ",$560 ,$530 
,Eastland County,"$134,900 ",$790 ,$750 
,Ector County,"$238,290 ","$1,400 ","$1,290 "
,Edwards County,"$86,790 ",$510 ,$480 
,Ellis County,"$386,150 ","$2,270 ","$2,220 "
,El Paso County,"$216,590 ","$1,270 ","$1,220 "
,Erath County,"$279,230 ","$1,640 ","$1,550 "
,Falls County,"$107,850 ",$630 ,$600 
,Fannin County,"$236,660 ","$1,390 ","$1,310 "
,Fayette County,"$300,510 ","$1,770 ","$1,660 "
,Fisher County,"$86,020 ",$510 ,$480 
,Floyd County,"$111,960 ",$660 ,$620 
,Foard County,"$79,150 ",$470 ,$440 
,Fort Bend County,"$414,770 ","$2,440 ","$2,360 "
,Franklin County,"$236,330 ","$1,390 ","$1,310 "
,Freestone County,"$182,230 ","$1,070 ","$1,010 "
,Frio County,"$122,040 ",$720 ,$680 
,Gaines County,"$205,400 ","$1,210 ","$1,140 "
,Galveston County,"$340,150 ","$2,000 ","$1,930 "
,Garza County,"$87,900 ",$520 ,$490 
,Gillespie County,"$479,190 ","$2,820 ","$2,650 "
,Glasscock County,"$275,570 ","$1,620 ","$1,530 "
,Goliad County,"$188,250 ","$1,110 ","$1,140 "
,Gonzales County,"$176,140 ","$1,040 ",$980 
,Gray County,"$111,290 ",$650 ,$620 
,Grayson County,"$296,020 ","$1,740 ","$1,660 "
,Gregg County,"$221,020 ","$1,300 ","$1,220 "
,Grimes County,"$251,180 ","$1,480 ","$1,390 "
,Guadalupe County,"$329,320 ","$1,940 ","$1,900 "
,Hale County,"$117,610 ",$690 ,$650 
,Hall County,"$88,900 ",$520 ,$490 
,Hamilton County,"$138,340 ",$810 ,$770 
,Hansford County,"$146,430 ",$860 ,$810 
,Hardeman County,"$84,800 ",$500 ,$470 
,Hardin County,"$206,120 ","$1,210 ","$1,190 "
,Harris County,"$310,030 ","$1,820 ","$1,760 "
,Harrison County,"$223,800 ","$1,320 ","$1,240 "
,Hartley County,"$236,330 ","$1,390 ","$1,310 "
,Haskell County,"$101,980 ",$600 ,$560 
,Hays County,"$415,940 ","$2,450 ","$2,450 "
,Hemphill County,"$238,210 ","$1,400 ","$1,320 "
,Henderson County,"$235,550 ","$1,390 ","$1,300 "
,Hidalgo County,"$173,620 ","$1,020 ",$970 
,Hill County,"$180,790 ","$1,060 ","$1,000 "
,Hockley County,"$124,930 ",$740 ,$690 
,Hood County,"$388,080 ","$2,280 ","$2,150 "
,Hopkins County,"$214,160 ","$1,260 ","$1,190 "
,Houston County,"$171,920 ","$1,010 ",$950 
,Howard County,"$166,600 ",$980 ,$920 
,Hudspeth County,"$63,630 ",$370 ,$350 
,Hunt County,"$273,730 ","$1,610 ","$1,570 "
,Hutchinson County,"$113,290 ",$670 ,$630 
,Irion County,"$161,720 ",$950 ,$930 
,Jack County,"$193,760 ","$1,140 ","$1,070 "
,Jackson County,"$194,540 ","$1,140 ","$1,080 "
,Jasper County,"$139,560 ",$820 ,$770 
,Jeff Davis County,"$259,830 ","$1,530 ","$1,440 "
,Jefferson County,"$187,280 ","$1,100 ","$1,080 "
,Jim Hogg County,"$139,220 ",$820 ,$770 
,Jim Wells County,"$116,170 ",$680 ,$640 
,Johnson County,"$327,570 ","$1,930 ","$1,880 "
,Jones County,"$97,410 ",$570 ,$540 
,Karnes County,"$151,750 ",$890 ,$840 
,Kaufman County,"$365,600 ","$2,150 ","$2,100 "
,Kendall County,"$496,310 ","$2,920 ","$2,860 "
,Kent County,"$120,710 ",$710 ,$670 
,Kerr County,"$316,030 ","$1,860 ","$1,750 "
,Kimble County,"$191,880 ","$1,130 ","$1,060 "
,Kinney County,"$98,100 ",$580 ,$540 
,Kleberg County,"$168,710 ",$990 ,$930 
,Knox County,"$74,050 ",$440 ,$410 
,Lamar County,"$194,540 ","$1,140 ","$1,080 "
,Lamb County,"$84,910 ",$500 ,$470 
,Lampasas County,"$249,710 ","$1,470 ","$1,410 "
,La Salle County,"$111,960 ",$660 ,$620 
,Lavaca County,"$244,860 ","$1,440 ","$1,360 "
,Lee County,"$274,350 ","$1,610 ","$1,520 "
,Leon County,"$196,640 ","$1,160 ","$1,090 "
,Liberty County,"$217,270 ","$1,280 ","$1,230 "
,Limestone County,"$171,150 ","$1,010 ",$950 
,Lipscomb County,"$142,330 ",$840 ,$790 
,Live Oak County,"$157,740 ",$930 ,$870 
,Llano County,"$357,260 ","$2,100 ","$1,980 "
,Lubbock County,"$218,030 ","$1,280 ","$1,260 "
,Lynn County,"$144,990 ",$850 ,$800 
,McCulloch County,"$115,720 ",$680 ,$640 
,McLennan County,"$279,990 ","$1,650 ","$1,490 "
,McMullen County,"$120,600 ",$710 ,$670 
,Madison County,"$165,270 ",$970 ,$920 
,Marion County,"$122,490 ",$720 ,$680 
,Martin County,"$179,790 ","$1,060 ","$1,000 "
,Mason County,"$304,390 ","$1,790 ","$1,690 "
,Matagorda County,"$179,790 ","$1,060 ","$1,000 "
,Maverick County,"$167,930 ",$990 ,$930 
,Medina County,"$222,920 ","$1,310 ","$1,280 "
,Menard County,"$116,720 ",$690 ,$650 
,Midland County,"$357,550 ","$2,100 ","$1,950 "
,Milam County,"$187,220 ","$1,100 ","$1,040 "
,Mills County,"$221,920 ","$1,310 ","$1,230 "
,Mitchell County,"$95,000 ",$560 ,$530 
,Montague County,"$209,950 ","$1,240 ","$1,160 "
,Montgomery County,"$388,530 ","$2,290 ","$2,210 "
,Moore County,"$150,090 ",$880 ,$830 
,Morris County,"$122,150 ",$720 ,$680 
,Motley County,"$89,900 ",$530 ,$500 
,Nacogdoches County,"$223,360 ","$1,310 ","$1,240 "
,Navarro County,"$177,250 ","$1,040 ",$980 
,Newton County,"$92,110 ",$540 ,$510 
,Nolan County,"$108,960 ",$640 ,$600 
,Nueces County,"$232,960 ","$1,370 ","$1,310 "
,Ochiltree County,"$152,080 ",$900 ,$840 
,Oldham County,"$160,510 ",$940 ,$890 
,Orange County,"$197,680 ","$1,160 ","$1,140 "
,Palo Pinto County,"$185,450 ","$1,090 ","$1,030 "
,Panola County,"$161,840 ",$950 ,$900 
,Parker County,"$403,640 ","$2,380 ","$2,320 "
,Parmer County,"$141,110 ",$830 ,$780 
,Pecos County,"$158,400 ",$930 ,$880 
,Polk County,"$170,710 ","$1,000 ",$950 
,Potter County,"$153,930 ",$910 ,$870 
,Presidio County,"$136,450 ",$800 ,$760 
,Rains County,"$238,210 ","$1,400 ","$1,320 "
,Randall County,"$251,840 ","$1,480 ","$1,430 "
,Reagan County,"$181,460 ","$1,070 ","$1,000 "
,Red River County,"$148,310 ",$870 ,$820 
,Reeves County,"$126,030 ",$740 ,$700 
,Refugio County,"$104,640 ",$620 ,$580 
,Roberts County,"$195,980 ","$1,150 ","$1,090 "
,Robertson County,"$186,570 ","$1,100 ","$1,060 "
,Rockwall County,"$452,730 ","$2,660 ","$2,600 "
,Runnels County,"$114,950 ",$680 ,$640 
,Rusk County,"$186,580 ","$1,100 ","$1,030 "
,Sabine County,"$146,210 ",$860 ,$810 
,San Augustine County,"$92,560 ",$540 ,$510 
,San Jacinto County,"$197,720 ","$1,160 ","$1,120 "
,San Patricio County,"$210,810 ","$1,240 ","$1,190 "
,San Saba County,"$179,350 ","$1,060 ",$990 
,Schleicher County,"$125,700 ",$740 ,$700 
,Scurry County,"$122,820 ",$720 ,$680 
,Shackelford County,"$196,090 ","$1,150 ","$1,090 "
,Shelby County,"$123,820 ",$730 ,$690 
,Sherman County,"$139,110 ",$820 ,$770 
,Smith County,"$285,470 ","$1,680 ","$1,660 "
,Somervell County,"$281,110 ","$1,650 ","$1,560 "
,Starr County,"$99,320 ",$580 ,$550 
,Stephens County,"$117,170 ",$690 ,$650 
,Sterling County,"$158,730 ",$930 ,$880 
,Stonewall County,"$60,630 ",$360 ,$340 
,Sutton County,"$155,850 ",$920 ,$860 
,Swisher County,"$98,880 ",$580 ,$550 
,Tarrant County,"$354,010 ","$2,080 ","$2,040 "
,Taylor County,"$210,470 ","$1,240 ","$1,160 "
,Terrell County,"$168,710 ",$990 ,$930 
,Terry County,"$123,260 ",$730 ,$680 
,Throckmorton County,"$93,330 ",$550 ,$520 
,Titus County,"$175,030 ","$1,030 ",$970 
,Tom Green County,"$210,360 ","$1,240 ","$1,220 "
,Travis County,"$552,450 ","$3,250 ","$3,250 "
,Trinity County,"$122,040 ",$720 ,$680 
,Tyler County,"$153,410 ",$900 ,$850 
,Upshur County,"$191,390 ","$1,130 ","$1,060 "
,Upton County,"$117,830 ",$690 ,$650 
,Uvalde County,"$160,060 ",$940 ,$890 
,Val Verde County,"$167,930 ",$990 ,$930 
,Van Zandt County,"$221,140 ","$1,300 ","$1,220 "
,Victoria County,"$208,430 ","$1,230 ","$1,260 "
,Walker County,"$330,990 ","$1,950 ","$1,830 "
,Waller County,"$315,320 ","$1,860 ","$1,790 "
,Ward County,"$153,860 ",$910 ,$850 
,Washington County,"$299,400 ","$1,760 ","$1,660 "
,Webb County,"$204,870 ","$1,210 ","$1,130 "
,Wharton County,"$202,520 ","$1,190 ","$1,120 "
,Wheeler County,"$108,190 ",$640 ,$600 
,Wichita County,"$191,760 ","$1,130 ","$1,070 "
,Wilbarger County,"$109,520 ",$640 ,$610 
,Willacy County,"$67,400 ",$400 ,$370 
,Williamson County,"$451,280 ","$2,660 ","$2,650 "
,Wilson County,"$290,100 ","$1,710 ","$1,670 "
,Winkler County,"$134,350 ",$790 ,$740 
,Wise County,"$335,360 ","$1,970 ","$1,930 "
,Wood County,"$216,260 ","$1,270 ","$1,200 "
,Yoakum County,"$202,850 ","$1,190 ","$1,120 "
,Young County,"$183,230 ","$1,080 ","$1,010 "
,Zapata County,"$98,430 ",$580 ,$550 
,Zavala County,"$97,660 ",$570 ,$540 
Utah,Beaver County,"$312,070 ","$1,840 ","$1,740 "
,Box Elder County,"$387,810 ","$2,280 ","$2,160 "
,Cache County,"$490,790 ","$2,890 ","$2,780 "
,Carbon County,"$217,770 ","$1,280 ","$1,220 "
,Daggett County,"$262,700 ","$1,550 ","$1,470 "
,Davis County,"$588,360 ","$3,460 ","$3,270 "
,Duchesne County,"$275,170 ","$1,620 ","$1,540 "
,Emery County,"$213,870 ","$1,260 ","$1,190 "
,Garfield County,"$310,110 ","$1,830 ","$1,730 "
,Grand County,"$521,810 ","$3,070 ","$2,910 "
,Iron County,"$372,070 ","$2,190 ","$2,080 "
,Juab County,"$405,480 ","$2,390 ","$2,230 "
,Kane County,"$380,750 ","$2,240 ","$2,120 "
,Millard County,"$267,360 ","$1,570 ","$1,490 "
,Morgan County,"$657,020 ","$3,870 ","$3,650 "
,Piute County,"$255,430 ","$1,500 ","$1,430 "
,Rich County,"$315,970 ","$1,860 ","$1,760 "
,Salt Lake County,"$599,150 ","$3,530 ","$3,370 "
,San Juan County,"$206,060 ","$1,210 ","$1,150 "
,Sanpete County,"$325,960 ","$1,920 ","$1,820 "
,Sevier County,"$297,420 ","$1,750 ","$1,660 "
,Summit County,"$1,077,460 ","$6,340 ","$6,070 "
,Tooele County,"$494,360 ","$2,910 ","$2,780 "
,Uintah County,"$293,190 ","$1,730 ","$1,640 "
,Utah County,"$625,110 ","$3,680 ","$3,440 "
,Wasatch County,"$786,030 ","$4,630 ","$4,390 "
,Washington County,"$554,010 ","$3,260 ","$3,180 "
,Wayne County,"$395,840 ","$2,330 ","$2,210 "
,Weber County,"$478,030 ","$2,810 ","$2,650 "
Vermont,Addison County,"$399,630 ","$2,350 ","$2,190 "
,Bennington County,"$308,260 ","$1,810 ","$1,690 "
,Caledonia County,"$258,560 ","$1,520 ","$1,410 "
,Chittenden County,"$496,800 ","$2,920 ","$2,740 "
,Essex County,"$200,590 ","$1,180 ","$1,100 "
,Franklin County,"$325,240 ","$1,910 ","$1,790 "
,Grand Isle County,"$414,090 ","$2,440 ","$2,280 "
,Lamoille County,"$341,550 ","$2,010 ","$1,870 "
,Orange County,"$300,590 ","$1,770 ","$1,640 "
,Orleans County,"$255,440 ","$1,500 ","$1,400 "
,Rutland County,"$261,550 ","$1,540 ","$1,430 "
,Washington County,"$351,970 ","$2,070 ","$1,930 "
,Windham County,"$317,480 ","$1,870 ","$1,740 "
,Windsor County,"$320,230 ","$1,880 ","$1,750 "
,Accomack County,"$224,150 ","$1,320 ","$1,220 "
,Albemarle County,"$554,490 ","$3,260 ","$3,020 "
,Alleghany County,"$141,960 ",$840 ,$780 
,Amelia County,"$270,710 ","$1,590 ","$1,510 "
,Amherst County,"$216,290 ","$1,270 ","$1,200 "
,Appomattox County,"$207,520 ","$1,220 ","$1,150 "
,Arlington County,"$898,100 ","$5,290 ","$5,080 "
,Augusta County,"$340,810 ","$2,010 ","$1,860 "
,Bath County,"$239,120 ","$1,410 ","$1,310 "
,Bedford County,"$323,670 ","$1,900 ","$1,800 "
,Bland County,"$182,360 ","$1,070 ","$1,000 "
,Botetourt County,"$323,510 ","$1,900 ","$1,760 "
,Brunswick County,"$154,040 ",$910 ,$840 
,Buchanan County,"$106,100 ",$620 ,$580 
,Buckingham County,"$194,780 ","$1,150 ","$1,060 "
,Campbell County,"$218,490 ","$1,290 ","$1,220 "
,Caroline County,"$319,730 ","$1,880 ","$1,780 "
,Carroll County,"$167,390 ",$990 ,$910 
,Charles City County,"$253,090 ","$1,490 ","$1,410 "
,Charlotte County,"$167,150 ",$980 ,$910 
,Chesterfield County,"$414,480 ","$2,440 ","$2,310 "
,Clarke County,"$568,790 ","$3,350 ","$3,210 "
,Craig County,"$253,250 ","$1,490 ","$1,380 "
,Culpeper County,"$448,530 ","$2,640 ","$2,450 "
,Cumberland County,"$248,580 ","$1,460 ","$1,390 "
,Dickenson County,"$117,360 ",$690 ,$640 
,Dinwiddie County,"$277,940 ","$1,640 ","$1,550 "
,Essex County,"$265,360 ","$1,560 ","$1,450 "
,Fairfax County,"$767,540 ","$4,520 ","$4,340 "
,Fauquier County,"$593,280 ","$3,490 ","$3,350 "
,Floyd County,"$250,150 ","$1,470 ","$1,370 "
,Fluvanna County,"$316,970 ","$1,870 ","$1,730 "
,Franklin County,"$268,050 ","$1,580 ","$1,460 "
,Frederick County,"$445,250 ","$2,620 ","$2,400 "
,Giles County,"$155,860 ",$920 ,$880 
,Gloucester County,"$334,450 ","$1,970 ","$1,820 "
,Goochland County,"$546,280 ","$3,220 ","$3,050 "
,Grayson County,"$153,570 ",$900 ,$840 
,Greene County,"$354,770 ","$2,090 ","$1,930 "
,Greensville County,"$184,800 ","$1,090 ","$1,010 "
,Halifax County,"$172,840 ","$1,020 ",$940 
,Hanover County,"$457,400 ","$2,690 ","$2,550 "
,Henrico County,"$409,290 ","$2,410 ","$2,280 "
,Henry County,"$139,640 ",$820 ,$760 
,Highland County,"$227,170 ","$1,340 ","$1,240 "
,Isle of Wight County,"$385,800 ","$2,270 ","$2,100 "
,James City County,"$519,600 ","$3,060 ","$2,830 "
,King and Queen County,"$272,070 ","$1,600 ","$1,520 "
,King George County,"$459,560 ","$2,700 ","$2,510 "
,King William County,"$312,270 ","$1,840 ","$1,740 "
,Lancaster County,"$357,060 ","$2,100 ","$1,950 "
,Lee County,"$114,570 ",$670 ,$630 
,Loudoun County,"$775,460 ","$4,560 ","$4,380 "
,Louisa County,"$311,260 ","$1,830 ","$1,740 "
,Lunenburg County,"$168,890 ",$990 ,$920 
,Madison County,"$384,690 ","$2,260 ","$2,100 "
,Mathews County,"$403,380 ","$2,370 ","$2,200 "
,Mecklenburg County,"$196,640 ","$1,160 ","$1,070 "
,Middlesex County,"$348,000 ","$2,050 ","$1,900 "
,Montgomery County,"$329,640 ","$1,940 ","$1,850 "
,Nelson County,"$318,430 ","$1,870 ","$1,740 "
,New Kent County,"$419,560 ","$2,470 ","$2,340 "
,Northampton County,"$323,980 ","$1,910 ","$1,770 "
,Northumberland County,"$386,660 ","$2,280 ","$2,110 "
,Nottoway County,"$208,710 ","$1,230 ","$1,140 "
,Orange County,"$391,530 ","$2,300 ","$2,140 "
,Page County,"$257,460 ","$1,520 ","$1,410 "
,Patrick County,"$170,060 ","$1,000 ",$930 
,Powhatan County,"$430,630 ","$2,530 ","$2,400 "
,Prince Edward County,"$236,450 ","$1,390 ","$1,290 "
,Prince George County,"$303,010 ","$1,780 ","$1,690 "
,Prince William County,"$562,150 ","$3,310 ","$3,180 "
,Pulaski County,"$198,220 ","$1,170 ","$1,110 "
,Rappahannock County,"$569,020 ","$3,350 ","$3,110 "
,Richmond County,"$248,640 ","$1,460 ","$1,360 "
,Roanoke County,"$357,080 ","$2,100 ","$1,940 "
,Rockbridge County,"$277,080 ","$1,630 ","$1,510 "
,Rockingham County,"$363,410 ","$2,140 ","$1,940 "
,Russell County,"$138,830 ",$820 ,$760 
,Scott County,"$142,990 ",$840 ,$760 
,Shenandoah County,"$308,540 ","$1,820 ","$1,690 "
,Smyth County,"$146,030 ",$860 ,$800 
,Southampton County,"$242,370 ","$1,430 ","$1,320 "
,Spotsylvania County,"$445,200 ","$2,620 ","$2,520 "
,Stafford County,"$519,820 ","$3,060 ","$2,940 "
,Surry County,"$272,000 ","$1,600 ","$1,480 "
,Sussex County,"$201,590 ","$1,190 ","$1,130 "
,Tazewell County,"$134,770 ",$790 ,$740 
,Warren County,"$333,320 ","$1,960 ","$1,880 "
,Washington County,"$235,930 ","$1,390 ","$1,250 "
,Westmoreland County,"$283,230 ","$1,670 ","$1,550 "
,Wise County,"$135,230 ",$800 ,$740 
,Wythe County,"$199,770 ","$1,180 ","$1,090 "
,York County,"$479,470 ","$2,820 ","$2,610 "
,Alexandria city,"$778,830 ","$4,580 ","$4,400 "
,Bristol city,"$197,230 ","$1,160 ","$1,040 "
,Buena Vista city,"$178,180 ","$1,050 ",$970 
,Charlottesville city,"$504,540 ","$2,970 ","$2,750 "
,Chesapeake city,"$439,570 ","$2,590 ","$2,400 "
,Colonial Heights city,"$261,680 ","$1,540 ","$1,460 "
,Covington city,"$93,100 ",$550 ,$510 
,Emporia city,"$152,180 ",$900 ,$830 
,Fairfax city,"$714,980 ","$4,210 ","$4,040 "
,Falls Church city,"$1,061,170 ","$6,250 ","$6,000 "
,Franklin city,"$263,730 ","$1,550 ","$1,440 "
,Fredericksburg city,"$487,100 ","$2,870 ","$2,750 "
,Galax city,"$147,190 ",$870 ,$800 
,Hampton city,"$298,830 ","$1,760 ","$1,630 "
,Harrisonburg city,"$323,310 ","$1,900 ","$1,730 "
,Hopewell city,"$186,460 ","$1,100 ","$1,040 "
,Lexington city,"$319,560 ","$1,880 ","$1,750 "
,Lynchburg city,"$271,020 ","$1,600 ","$1,510 "
,Manassas city,"$458,810 ","$2,700 ","$2,590 "
,Manassas Park city,"$402,350 ","$2,370 ","$2,270 "
,Martinsville city,"$107,370 ",$630 ,$590 
,Newport News city,"$302,760 ","$1,780 ","$1,650 "
,Norfolk city,"$345,320 ","$2,030 ","$1,880 "
,Norton city,"$116,890 ",$690 ,$640 
,Petersburg city,"$178,330 ","$1,050 ","$1,000 "
,Poquoson city,"$466,060 ","$2,740 ","$2,540 "
,Portsmouth city,"$310,280 ","$1,830 ","$1,690 "
,Radford city,"$229,930 ","$1,350 ","$1,290 "
,Richmond city,"$412,340 ","$2,430 ","$2,300 "
,Roanoke city,"$258,670 ","$1,520 ","$1,410 "
,Salem city,"$294,520 ","$1,730 ","$1,600 "
,Staunton city,"$277,780 ","$1,630 ","$1,520 "
,Suffolk city,"$407,080 ","$2,400 ","$2,220 "
,Virginia Beach city,"$444,320 ","$2,610 ","$2,420 "
,Waynesboro city,"$274,640 ","$1,620 ","$1,500 "
,Williamsburg city,"$454,720 ","$2,680 ","$2,480 "
,Winchester city,"$374,180 ","$2,200 ","$2,020 "
Washington,Adams County,"$277,340 ","$1,630 ","$1,530 "
,Asotin County,"$319,660 ","$1,880 ","$1,700 "
,Benton County,"$453,600 ","$2,670 ","$2,600 "
,Chelan County,"$547,300 ","$3,220 ","$3,000 "
,Clallam County,"$475,660 ","$2,800 ","$2,630 "
,Clark County,"$574,440 ","$3,380 ","$3,260 "
,Columbia County,"$282,640 ","$1,660 ","$1,560 "
,Cowlitz County,"$436,120 ","$2,570 ","$2,390 "
,Douglas County,"$419,050 ","$2,470 ","$2,290 "
,Ferry County,"$302,950 ","$1,780 ","$1,680 "
,Franklin County,"$416,330 ","$2,450 ","$2,390 "
,Garfield County,"$236,400 ","$1,390 ","$1,310 "
,Grant County,"$341,570 ","$2,010 ","$1,890 "
,Grays Harbor County,"$356,690 ","$2,100 ","$1,970 "
,Island County,"$656,770 ","$3,870 ","$3,630 "
,Jefferson County,"$546,410 ","$3,220 ","$3,020 "
,King County,"$925,780 ","$5,450 ","$5,240 "
,Kitsap County,"$590,870 ","$3,480 ","$3,470 "
,Kittitas County,"$507,560 ","$2,990 ","$2,810 "
,Klickitat County,"$428,980 ","$2,520 ","$2,370 "
,Lewis County,"$436,150 ","$2,570 ","$2,410 "
,Lincoln County,"$300,520 ","$1,770 ","$1,660 "
,Mason County,"$477,210 ","$2,810 ","$2,640 "
,Okanogan County,"$313,650 ","$1,850 ","$1,730 "
,Pacific County,"$302,390 ","$1,780 ","$1,670 "
,Pend Oreille County,"$339,700 ","$2,000 ","$1,880 "
,Pierce County,"$587,140 ","$3,460 ","$3,320 "
,San Juan County,"$801,790 ","$4,720 ","$4,430 "
,Skagit County,"$655,300 ","$3,860 ","$3,590 "
,Skamania County,"$500,710 ","$2,950 ","$2,840 "
,Snohomish County,"$761,420 ","$4,480 ","$4,310 "
,Spokane County,"$452,320 ","$2,660 ","$2,480 "
,Stevens County,"$339,920 ","$2,000 ","$1,880 "
,Thurston County,"$514,040 ","$3,030 ","$2,980 "
,Wahkiakum County,"$380,200 ","$2,240 ","$2,100 "
,Walla Walla County,"$414,520 ","$2,440 ","$2,290 "
,Whatcom County,"$680,420 ","$4,000 ","$3,810 "
,Whitman County,"$356,800 ","$2,100 ","$1,970 "
,Yakima County,"$350,860 ","$2,060 ","$1,970 "
West Virginia,Barbour County,"$146,220 ",$860 ,$820 
,Berkeley County,"$317,420 ","$1,870 ","$1,780 "
,Boone County,"$99,950 ",$590 ,$520 
,Braxton County,"$123,480 ",$730 ,$690 
,Brooke County,"$143,070 ",$840 ,$720 
,Cabell County,"$200,220 ","$1,180 ","$1,100 "
,Calhoun County,"$129,050 ",$760 ,$720 
,Clay County,"$118,550 ",$700 ,$620 
,Doddridge County,"$185,680 ","$1,090 ","$1,040 "
,Fayette County,"$120,920 ",$710 ,$670 
,Gilmer County,"$96,670 ",$570 ,$540 
,Grant County,"$194,380 ","$1,140 ","$1,080 "
,Greenbrier County,"$158,170 ",$930 ,$880 
,Hampshire County,"$234,910 ","$1,380 ","$1,270 "
,Hancock County,"$134,000 ",$790 ,$680 
,Hardy County,"$185,330 ","$1,090 ","$1,030 "
,Harrison County,"$202,970 ","$1,190 ","$1,130 "
,Jackson County,"$179,410 ","$1,060 ","$1,000 "
,Jefferson County,"$342,500 ","$2,020 ","$1,940 "
,Kanawha County,"$152,750 ",$900 ,$800 
,Lewis County,"$157,590 ",$930 ,$880 
,Lincoln County,"$114,450 ",$670 ,$600 
,Logan County,"$117,790 ",$690 ,$660 
,McDowell County,"$57,100 ",$340 ,$320 
,Marion County,"$190,670 ","$1,120 ","$1,060 "
,Marshall County,"$156,200 ",$920 ,$890 
,Mason County,"$147,850 ",$870 ,$820 
,Mercer County,"$137,630 ",$810 ,$770 
,Mingo County,"$99,340 ",$580 ,$550 
,Monongalia County,"$275,400 ","$1,620 ","$1,540 "
,Monroe County,"$169,550 ","$1,000 ",$950 
,Morgan County,"$260,740 ","$1,530 ","$1,460 "
,Nicholas County,"$132,530 ",$780 ,$740 
,Ohio County,"$184,690 ","$1,090 ","$1,050 "
,Pendleton County,"$207,260 ","$1,220 ","$1,160 "
,Pleasants County,"$145,720 ",$860 ,$730 
,Pocahontas County,"$161,770 ",$950 ,$900 
,Preston County,"$166,080 ",$980 ,$930 
,Putnam County,"$237,100 ","$1,400 ","$1,240 "
,Raleigh County,"$184,290 ","$1,080 ","$1,030 "
,Randolph County,"$159,910 ",$940 ,$890 
,Ritchie County,"$125,100 ",$740 ,$700 
,Roane County,"$140,530 ",$830 ,$780 
,Summers County,"$146,340 ",$860 ,$820 
,Taylor County,"$167,110 ",$980 ,$930 
,Tucker County,"$167,920 ",$990 ,$940 
,Tyler County,"$130,090 ",$770 ,$730 
,Upshur County,"$186,490 ","$1,100 ","$1,040 "
,Wayne County,"$142,810 ",$840 ,$780 
,Webster County,"$90,520 ",$530 ,$510 
,Wetzel County,"$119,300 ",$700 ,$670 
,Wirt County,"$127,120 ",$750 ,$640 
,Wood County,"$184,480 ","$1,090 ",$930 
,Wyoming County,"$90,980 ",$540 ,$510 
,Adams County,"$217,100 ","$1,280 ","$1,190 "
,Ashland County,"$188,860 ","$1,110 ","$1,030 "
,Barron County,"$233,340 ","$1,370 ","$1,280 "
,Bayfield County,"$268,400 ","$1,580 ","$1,470 "
,Brown County,"$327,010 ","$1,920 ","$1,800 "
,Buffalo County,"$232,510 ","$1,370 ","$1,270 "
,Burnett County,"$253,570 ","$1,490 ","$1,390 "
,Calumet County,"$292,630 ","$1,720 ","$1,640 "
,Chippewa County,"$298,870 ","$1,760 ","$1,710 "
,Clark County,"$192,740 ","$1,130 ","$1,060 "
,Columbia County,"$301,110 ","$1,770 ","$1,660 "
,Crawford County,"$206,040 ","$1,210 ","$1,130 "
,Dane County,"$458,010 ","$2,700 ","$2,520 "
,Dodge County,"$284,990 ","$1,680 ","$1,560 "
,Door County,"$359,830 ","$2,120 ","$1,970 "
,Douglas County,"$216,030 ","$1,270 ","$1,200 "
,Dunn County,"$266,170 ","$1,570 ","$1,460 "
,Eau Claire County,"$308,150 ","$1,810 ","$1,760 "
,Florence County,"$200,040 ","$1,180 ","$1,100 "
,Fond du Lac County,"$263,900 ","$1,550 ","$1,470 "
,Forest County,"$200,040 ","$1,180 ","$1,100 "
,Grant County,"$219,220 ","$1,290 ","$1,200 "
,Green County,"$278,760 ","$1,640 ","$1,530 "
,Green Lake County,"$242,750 ","$1,430 ","$1,330 "
,Iowa County,"$288,780 ","$1,700 ","$1,590 "
,Iron County,"$182,620 ","$1,070 ","$1,000 "
,Jackson County,"$219,920 ","$1,290 ","$1,200 "
,Jefferson County,"$333,820 ","$1,960 ","$1,830 "
,Juneau County,"$194,390 ","$1,140 ","$1,060 "
,Kenosha County,"$308,040 ","$1,810 ","$1,690 "
,Kewaunee County,"$249,410 ","$1,470 ","$1,370 "
,La Crosse County,"$311,850 ","$1,840 ","$1,770 "
,Lafayette County,"$214,270 ","$1,260 ","$1,170 "
,Langlade County,"$171,560 ","$1,010 ",$940 
,Lincoln County,"$209,100 ","$1,230 ","$1,150 "
,Manitowoc County,"$235,100 ","$1,380 ","$1,290 "
,Marathon County,"$258,130 ","$1,520 ","$1,410 "
,Marinette County,"$181,910 ","$1,070 ","$1,000 "
,Marquette County,"$236,630 ","$1,390 ","$1,300 "
,Menominee County,"$114,140 ",$670 ,$630 
,Milwaukee County,"$269,950 ","$1,590 ","$1,480 "
,Monroe County,"$232,040 ","$1,370 ","$1,270 "
,Oconto County,"$253,110 ","$1,490 ","$1,390 "
,Oneida County,"$267,690 ","$1,580 ","$1,470 "
,Outagamie County,"$320,950 ","$1,890 ","$1,800 "
,Ozaukee County,"$468,270 ","$2,760 ","$2,560 "
,Pepin County,"$230,750 ","$1,360 ","$1,260 "
,Pierce County,"$332,980 ","$1,960 ","$1,880 "
,Polk County,"$283,820 ","$1,670 ","$1,550 "
,Portage County,"$304,640 ","$1,790 ","$1,670 "
,Price County,"$171,800 ","$1,010 ",$940 
,Racine County,"$296,260 ","$1,740 ","$1,570 "
,Richland County,"$215,100 ","$1,270 ","$1,180 "
,Rock County,"$277,980 ","$1,640 ","$1,550 "
,Rusk County,"$178,860 ","$1,050 ",$980 
,St. Croix County,"$404,630 ","$2,380 ","$2,280 "
,Sauk County,"$319,230 ","$1,880 ","$1,750 "
,Sawyer County,"$262,750 ","$1,550 ","$1,440 "
,Shawano County,"$210,740 ","$1,240 ","$1,150 "
,Sheboygan County,"$289,030 ","$1,700 ","$1,590 "
,Taylor County,"$219,450 ","$1,290 ","$1,200 "
,Trempealeau County,"$239,220 ","$1,410 ","$1,310 "
,Vernon County,"$247,810 ","$1,460 ","$1,360 "
,Vilas County,"$318,530 ","$1,870 ","$1,740 "
,Walworth County,"$370,770 ","$2,180 ","$2,030 "
,Washburn County,"$244,630 ","$1,440 ","$1,340 "
,Washington County,"$414,280 ","$2,440 ","$2,270 "
,Waukesha County,"$453,410 ","$2,670 ","$2,480 "
,Waupaca County,"$226,860 ","$1,340 ","$1,240 "
,Waushara County,"$218,860 ","$1,290 ","$1,200 "
,Winnebago County,"$258,830 ","$1,520 ","$1,400 "
,Wood County,"$205,330 ","$1,210 ","$1,120 "
Wyoming,Albany County,"$360,530 ","$2,120 ","$1,980 "
,Big Horn County,"$221,850 ","$1,310 ","$1,220 "
,Campbell County,"$298,180 ","$1,750 ","$1,640 "
,Carbon County,"$240,090 ","$1,410 ","$1,320 "
,Converse County,"$301,880 ","$1,780 ","$1,660 "
,Crook County,"$309,820 ","$1,820 ","$1,700 "
,Fremont County,"$282,850 ","$1,660 ","$1,550 "
,Goshen County,"$262,590 ","$1,550 ","$1,440 "
,Hot Springs County,"$239,980 ","$1,410 ","$1,320 "
,Johnson County,"$331,320 ","$1,950 ","$1,820 "
,Laramie County,"$401,060 ","$2,360 ","$2,160 "
,Lincoln County,"$374,410 ","$2,200 ","$2,060 "
,Natrona County,"$297,460 ","$1,750 ","$1,610 "
,Niobrara County,"$217,370 ","$1,280 ","$1,190 "
,Park County,"$418,850 ","$2,470 ","$2,300 "
,Platte County,"$278,600 ","$1,640 ","$1,530 "
,Sheridan County,"$394,220 ","$2,320 ","$2,170 "
,Sublette County,"$391,870 ","$2,310 ","$2,150 "
,Sweetwater County,"$271,880 ","$1,600 ","$1,490 "
,Teton County,"$1,535,580 ","$9,040 ","$8,440 "
,Uinta County,"$285,870 ","$1,680 ","$1,570 "
,Washakie County,"$211,100 ","$1,240 ","$1,160 "
,Weston County,"$239,530 ","$1,410 ","$1,320 "
©2025 National Association of REALTORS®.,,,,
All Rights Reserved.,,,,
May not be reprinted in whole or in part without permission of the National Association of REALTORS®.,,,,
"For reprint information, contact data@nar.realtor",,,,
